-- phpMyAdmin SQL Dump
-- version 4.6.5.2
-- https://www.phpmyadmin.net/
--
-- Host: 127.0.0.1
-- Generation Time: 26 Jan 2018 pada 03.13
-- Versi Server: 10.1.21-MariaDB
-- PHP Version: 7.1.1

SET SQL_MODE = "NO_AUTO_VALUE_ON_ZERO";
SET time_zone = "+00:00";


/*!40101 SET @OLD_CHARACTER_SET_CLIENT=@@CHARACTER_SET_CLIENT */;
/*!40101 SET @OLD_CHARACTER_SET_RESULTS=@@CHARACTER_SET_RESULTS */;
/*!40101 SET @OLD_COLLATION_CONNECTION=@@COLLATION_CONNECTION */;
/*!40101 SET NAMES utf8mb4 */;

--
-- Database: `scm_shb`
--

DELIMITER $$
--
-- Prosedur
--
CREATE DEFINER=`root`@`localhost` PROCEDURE `tambah_bahan_baku` (IN `kd_bahan_baku_param` VARCHAR(25), IN `nama_param` VARCHAR(50), IN `satuan_param` VARCHAR(10), IN `ket_param` TEXT, IN `foto_param` TEXT, IN `tgl_param` DATE, IN `stok_param` DOUBLE(12,2))  BEGIN
		DECLARE id_param int;

		SELECT `AUTO_INCREMENT` INTO id_param 
	    FROM INFORMATION_SCHEMA.TABLES 
	    WHERE TABLE_SCHEMA = 'scm_shb' AND TABLE_NAME = 'bahan_baku';
		
				INSERT INTO bahan_baku(
			kd_bahan_baku, nama, satuan, ket, foto, stok_akhir) 
		VALUES(
			kd_bahan_baku_param, nama_param, satuan_param, ket_param, foto_param, stok_param);

				INSERT INTO mutasi_bahan_baku(
			tgl, id_bahan_baku, brg_masuk, brg_keluar) 
		VALUES(tgl_param, id_param, 0, 0);
		
	END$$

CREATE DEFINER=`root`@`localhost` PROCEDURE `tambah_komposisi` (IN `kd_produk_param` VARCHAR(25), IN `id_bahan_baku_param` INT, IN `penyusutan_param` DOUBLE(5,2))  BEGIN
		DECLARE id_produk_param int;

		SELECT id INTO id_produk_param FROM produk WHERE kd_produk = kd_produk_param;

				INSERT INTO komposisi(id_produk, id_bahan_baku, penyusutan) VALUES(id_produk_param, id_bahan_baku_param, penyusutan_param);
	END$$

CREATE DEFINER=`root`@`localhost` PROCEDURE `tambah_produk` (IN `kd_produk_param` VARCHAR(25), IN `nama_param` VARCHAR(50), IN `satuan_param` VARCHAR(10), IN `ket_param` TEXT, IN `foto_param` TEXT, IN `tgl_param` DATE, IN `stok_param` DOUBLE(12,2))  BEGIN
		DECLARE id_param int;

		SELECT `AUTO_INCREMENT` INTO id_param 
	    FROM INFORMATION_SCHEMA.TABLES 
	    WHERE TABLE_SCHEMA = 'scm_shb' AND TABLE_NAME = 'produk';

	    		INSERT INTO produk(
			kd_produk, nama, satuan, ket, foto, stok_akhir) 
		VALUES(
			kd_produk_param, nama_param, satuan_param, ket_param, foto_param, stok_param);

				INSERT INTO mutasi_produk(
			tgl, id_produk, brg_masuk, brg_keluar) 
		VALUES(tgl_param, id_param, 0, 0);

	END$$

CREATE DEFINER=`root`@`localhost` PROCEDURE `tambah_supplier` (IN `nik_param` VARCHAR(16), IN `npwp_param` VARCHAR(20), IN `nama_param` VARCHAR(255), IN `alamat_param` TEXT, IN `telp_param` VARCHAR(20), IN `email_param` VARCHAR(50), IN `status_param` CHAR(1), IN `id_supplier_utama_param` INT)  BEGIN
		DECLARE id_param int;

				SELECT `AUTO_INCREMENT` INTO id_param 
			FROM INFORMATION_SCHEMA.TABLES 
			WHERE TABLE_SCHEMA = 'scm_shb' AND TABLE_NAME = 'supplier';

				IF status_param = '1' THEN 						INSERT INTO supplier 
				(nik, npwp, nama, alamat, telp, email, status, supplier_utama) 
			VALUES 
				(nik_param, npwp_param, nama_param, alamat_param, 
				telp_param, email_param, status_param, id_param);
		ELSE 						INSERT INTO supplier 
				(nik, npwp, nama, alamat, telp, email, status, supplier_utama) 
			VALUES 
				(nik_param, npwp_param, nama_param, alamat_param, 
				telp_param, email_param, status_param, id_supplier_utama_param);
		END IF;	
	END$$

DELIMITER ;

-- --------------------------------------------------------

--
-- Struktur dari tabel `bahan_baku`
--

CREATE TABLE `bahan_baku` (
  `id` int(11) NOT NULL,
  `kd_bahan_baku` varchar(25) DEFAULT NULL,
  `nama` varchar(50) DEFAULT NULL,
  `satuan` enum('KG','PCS') DEFAULT NULL,
  `ket` text,
  `foto` text,
  `stok_akhir` double(12,2) DEFAULT NULL
) ENGINE=InnoDB DEFAULT CHARSET=latin1;

--
-- Dumping data untuk tabel `bahan_baku`
--

INSERT INTO `bahan_baku` (`id`, `kd_bahan_baku`, `nama`, `satuan`, `ket`, `foto`, `stok_akhir`) VALUES
(1, 'KP-ASL', 'KOPI ASALAN', 'KG', NULL, NULL, 100.00),
(2, 'KP-SUTA', 'KOPI SUTON A', 'KG', NULL, NULL, 100.00),
(3, 'KP-SUTB', 'KOPI SUTON B', 'KG', NULL, NULL, 100.00),
(4, 'LD-ASL', 'LADA HITAM ASALAN', 'KG', NULL, NULL, 100.00);

-- --------------------------------------------------------

--
-- Struktur dari tabel `buyer`
--

CREATE TABLE `buyer` (
  `id` int(11) NOT NULL,
  `npwp` varchar(20) DEFAULT NULL,
  `nama` varchar(255) DEFAULT NULL,
  `alamat` text,
  `telp` varchar(20) DEFAULT NULL,
  `email` varchar(50) DEFAULT NULL,
  `foto` text,
  `status` char(1) DEFAULT NULL
) ENGINE=InnoDB DEFAULT CHARSET=latin1;

--
-- Dumping data untuk tabel `buyer`
--

INSERT INTO `buyer` (`id`, `npwp`, `nama`, `alamat`, `telp`, `email`, `foto`, `status`) VALUES
(1, '010716652059000', 'PT. OLAM INDONESIA', 'JL. KH. AGUS ANANG NO. 36 WAY LUNIK PANJANG BANDAR LAMPUNG', '08117204730', 'Wahyu.Astuti@olamnet.com', NULL, '1'),
(2, '018689786056000', 'PT. LOUIS DREYFUS INDONESIA', 'JL. SOEKARNO HATTA BANDAR LAMPUNG', NULL, 'melissa.florence@ldcom.com', NULL, '1'),
(3, '021930441057000', 'PT. NEDD COFFE INDONESIA', 'JL. SOEKARNO HATTA KM. 07 CAMPANG RAYA TANJUNG KARANG TIMUR', NULL, 'commercial@nedcoffee.id', NULL, '1'),
(4, '18689992058000', 'PT. INDO CAFCO', 'JL. P. TIRTAYASA KP. GALIH LK II RT 02 KEL. CAMPANG RAYA KEC. T. KARANG TIMUR BANDAR LAMPUNG 35122', '0721350737', 'misro@ecomtrading.com', NULL, '1'),
(5, NULL, 'PT. SAMSON JAYA', 'JL. SUTAMI NO. 13 BANDAR LAMPUNG', NULL, NULL, NULL, '1'),
(6, NULL, 'PT. ARMAJARO INDONESIA', 'JL. IR. SUTAMI KM. 03 WAY LAGA PANJANG BANDAR LAMPUNG', NULL, 'yusac@armajaro.co.id', NULL, '1'),
(7, NULL, 'PT. PUTRA BALI ADYAMULIA', 'JL. GATOT SUBROTO NO. 79 A BANDAR LAMPUNG', NULL, 'lampung@putra-bali.com', NULL, '1'),
(8, '014872915123000', 'PT. SARIMAKMUR TUNGGAL MANDIRI', 'JL. SOEKARNO HATTA NO. 17 BANDAR LAMPUNG INDONESIA', NULL, 'accounting_smlpg@bdl.nusa.net.id', NULL, '1'),
(9, NULL, 'CV. MULTI ORGANIK INDONESIA', 'JL. SOEKARN HATTA KM. 07 GG. MULTI', NULL, NULL, NULL, '1'),
(10, NULL, 'PT. INDOCOM CITRA PERSADA', 'JL. IR. SUTAMI BANDAR LAMPUNG', NULL, NULL, NULL, '1');

-- --------------------------------------------------------

--
-- Struktur dari tabel `harga_basis`
--

CREATE TABLE `harga_basis` (
  `id` int(11) NOT NULL,
  `tgl` date DEFAULT NULL,
  `jenis` char(1) DEFAULT NULL,
  `harga_basis` double(12,2) DEFAULT NULL
) ENGINE=InnoDB DEFAULT CHARSET=latin1;

-- --------------------------------------------------------

--
-- Struktur dari tabel `karyawan`
--

CREATE TABLE `karyawan` (
  `id` int(11) NOT NULL,
  `no_induk` varchar(20) DEFAULT NULL,
  `nik` varchar(16) DEFAULT NULL,
  `npwp` varchar(16) DEFAULT NULL,
  `nama` varchar(255) DEFAULT NULL,
  `tempat_lahir` varchar(255) DEFAULT NULL,
  `tgl_lahir` date DEFAULT NULL,
  `jk` char(1) DEFAULT NULL,
  `alamat` text,
  `telp` varchar(20) DEFAULT NULL,
  `email` varchar(50) DEFAULT NULL,
  `foto` text,
  `tgl_masuk` date DEFAULT NULL,
  `id_pekerjaan` int(11) DEFAULT NULL,
  `status` char(1) DEFAULT NULL
) ENGINE=InnoDB DEFAULT CHARSET=latin1;

--
-- Dumping data untuk tabel `karyawan`
--

INSERT INTO `karyawan` (`id`, `no_induk`, `nik`, `npwp`, `nama`, `tempat_lahir`, `tgl_lahir`, `jk`, `alamat`, `telp`, `email`, `foto`, `tgl_masuk`, `id_pekerjaan`, `status`) VALUES
(1, '1000000001', NULL, NULL, 'SYARIFUDIN HIFNI', 'BATURAJA', NULL, 'L', NULL, NULL, NULL, NULL, NULL, 1, '1'),
(2, '1000000002', '3273240102840006', NULL, 'MUHAMMAD HERRY SYARIFUDIN', 'KOTABUMI', '1984-02-01', 'L', 'JL. PENITIS NO. 464 B. RT/RW 005/005', NULL, NULL, NULL, NULL, 2, '1'),
(3, '1000000003', '1803102108660003', NULL, 'AMSON FHARDIAZ', 'BENGKULU', '1966-08-21', 'L', 'JL. RADEN INTAN NO. 87. RT/RW 001/001', NULL, NULL, NULL, NULL, 2, '1'),
(4, '1000000004', '1803104405850008', NULL, 'RATNA SARI', 'KOTABUMI', '1985-05-04', 'P', 'JL. RADEN INTAN NO. 90 RT/RW 001/001', NULL, NULL, NULL, NULL, 2, '1'),
(5, '1000000006', '1803105407880005', NULL, 'KARTIKA SARI', 'KOTABUMI', '1988-07-14', 'P', 'JL. ST RT GADING MARGA GG. H. HASSANUL AINI NO. 53', NULL, NULL, NULL, NULL, 2, '1'),
(6, '2000000001', '1803105004740008', NULL, 'LILIS', 'PERIANGAN BARU', '1974-04-10', 'P', 'JL. RADEN INTAN GG. SINGGAH MATA II NO. 05', NULL, NULL, NULL, NULL, 3, '1'),
(7, '3000000001', '1803100404830008', NULL, 'AHMAD A. GHANY SG', NULL, NULL, 'L', 'JL. RADEN INTAN NO. 148 RT/RW 003/006', NULL, NULL, NULL, NULL, 4, '1'),
(8, '4000000001', '1803101807770002', NULL, 'AHMAD LISORI', 'BATURAJA', '1977-06-18', 'L', 'JL. LINTAS SUMATRA NO. 139 A, BERNAH', NULL, NULL, NULL, NULL, 6, '1'),
(9, '5000000001', '1803103005750003', NULL, 'JAJANG SUTISNA', 'BANTEN', '1975-05-30', 'L', 'JL. LINTAS SUMATRA RT/RW 004/005. BERNAH', NULL, NULL, NULL, NULL, 5, '1'),
(10, '2000000002', '1803105210860004', NULL, 'LENI MARLINA', 'KOTABUMI', '1986-10-12', 'P', 'JL. RADEN INTAN GG. SINGGAH MATA 1 NO. 18 A', NULL, NULL, NULL, NULL, 7, '1'),
(11, '2000000003', '1803101407890002', NULL, 'INDRA KUSUMA', 'NEGARA TULANG BAWANG', '1989-07-14', 'L', 'LK III MARGOMULYO RT/RW 002/003', NULL, NULL, NULL, NULL, 8, '1'),
(12, '2000000004', '1803190808650001', NULL, 'KARIMAN HADI', 'MUARA DUA', '1965-08-08', 'L', 'MUARA DUA, 08 AGUSTUS 1965', NULL, NULL, NULL, NULL, 9, '1'),
(13, '3000000002', '1803105708890004', NULL, 'GIRA VENILIA', 'KOTABUMI', '1989-08-17', 'P', 'JL. RADEN INTAN NO. 60 B RT/RW 001/001', NULL, NULL, NULL, NULL, 10, '1'),
(14, '3000000003', '1803046612940001', NULL, 'YENI MAWARNI', 'KOTABUMI', '1994-12-26', 'P', 'JL. GOTONG ROYONG GG. RAFLESIA NO. 211 A', NULL, NULL, NULL, NULL, 10, '1'),
(15, '3000000004', '1803102608890001', NULL, 'CANDRA', 'KOTABUMI', '1989-08-26', 'L', 'JL. GOTONG ROYONG GG. RAFLESIA NO. 211 A', NULL, NULL, NULL, NULL, 11, '1'),
(16, '4000000002', '1803100102840007', NULL, 'SYAHRIL', 'SAKAL', '1984-02-01', 'L', 'BERNAH, RT/RW 004/005', NULL, NULL, NULL, NULL, 14, '1'),
(17, '5000000002', '1803100505850014', NULL, 'ERWAN', 'PERIANGAN BARU', '1985-05-05', 'L', 'BERNAH, RT/RW 004/006', NULL, NULL, NULL, NULL, 13, '1'),
(18, '8000000001', NULL, NULL, 'H. ALEK', NULL, NULL, 'L', NULL, NULL, NULL, NULL, NULL, 17, '1'),
(19, '8000000002', NULL, NULL, 'MUHAMAD RIFA\'I', NULL, NULL, 'L', NULL, NULL, NULL, NULL, NULL, 17, '1'),
(20, '8000000003', NULL, NULL, 'YATNO', NULL, NULL, 'L', NULL, NULL, NULL, NULL, NULL, 17, '1'),
(21, '8000000004', NULL, NULL, 'SAYUTI', NULL, NULL, 'L', NULL, NULL, NULL, NULL, NULL, 17, '1'),
(22, '8000000005', NULL, NULL, 'ISKANDAR', NULL, NULL, 'L', NULL, NULL, NULL, NULL, NULL, 17, '1'),
(23, '8000000006', NULL, NULL, 'RIDHO', NULL, NULL, 'L', NULL, NULL, NULL, NULL, NULL, 17, '1'),
(24, '8000000007', NULL, NULL, 'HAIKAL', NULL, NULL, 'L', NULL, NULL, NULL, NULL, NULL, 17, '1'),
(25, '8000000008', NULL, NULL, 'WAWAN', NULL, NULL, 'L', NULL, NULL, NULL, NULL, NULL, 17, '1'),
(26, '8000000009', NULL, NULL, 'DADANG', NULL, NULL, 'L', NULL, NULL, NULL, NULL, NULL, 17, '1'),
(27, '8000000010', NULL, NULL, 'ANGGA', NULL, NULL, 'L', NULL, NULL, NULL, NULL, NULL, 17, '1'),
(28, '8000000011', NULL, NULL, 'IWAN', NULL, NULL, 'L', NULL, NULL, NULL, NULL, NULL, 17, '1'),
(29, '8000000012', NULL, NULL, 'SUPRI', NULL, NULL, 'L', NULL, NULL, NULL, NULL, NULL, 17, '1'),
(30, '8000000013', NULL, NULL, 'ADIT', NULL, NULL, 'L', NULL, NULL, NULL, NULL, NULL, 17, '1'),
(31, '8000000014', NULL, NULL, 'DARMAWAN', NULL, NULL, 'L', NULL, NULL, NULL, NULL, NULL, 17, '1');

-- --------------------------------------------------------

--
-- Struktur dari tabel `kendaraan`
--

CREATE TABLE `kendaraan` (
  `id` int(11) NOT NULL,
  `no_polis` varchar(10) DEFAULT NULL,
  `id_supir` int(11) DEFAULT NULL,
  `pendamping` varchar(255) DEFAULT NULL,
  `tahun` year(4) DEFAULT NULL,
  `jenis` char(1) DEFAULT NULL,
  `muatan` double(8,2) DEFAULT NULL,
  `foto` text,
  `status` char(1) DEFAULT NULL
) ENGINE=InnoDB DEFAULT CHARSET=latin1;

--
-- Dumping data untuk tabel `kendaraan`
--

INSERT INTO `kendaraan` (`id`, `no_polis`, `id_supir`, `pendamping`, `tahun`, `jenis`, `muatan`, `foto`, `status`) VALUES
(1, 'BE 9396 JC', 18, NULL, 2001, 'F', 20000.00, NULL, '1'),
(2, 'BE 9873 JC', 19, NULL, 2003, 'F', 20000.00, NULL, '1'),
(3, 'BE 9072 W', 20, NULL, 2006, 'F', 20000.00, NULL, '1'),
(4, 'BE 9142 JE', 21, NULL, 2010, 'F', 20000.00, NULL, '1'),
(5, 'BE 9839 JE', 22, NULL, 2012, 'F', 20000.00, NULL, '1'),
(6, 'BE 9848 JE', 23, NULL, 2012, 'F', 20000.00, NULL, '1'),
(7, 'BE 9270 JC', 24, NULL, 2003, 'C', 10000.00, NULL, '1'),
(8, 'BE 9108 JG', 25, NULL, 2012, 'C', 10000.00, NULL, '1'),
(9, 'BE 9201 JG', 26, NULL, 2012, 'C', 10000.00, NULL, '1'),
(10, 'BE 9202 JG', 27, NULL, 2012, 'C', 10000.00, NULL, '1'),
(11, 'BE 9435 JG', 28, NULL, 2013, 'C', 10000.00, NULL, '1'),
(12, 'BE 9427 JG', 29, NULL, 2013, 'C', 10000.00, NULL, '1'),
(13, 'BE 9434 JG', 30, NULL, 2013, 'C', 10000.00, NULL, '1'),
(14, 'BE 9590 JN', 31, NULL, 2016, 'C', 10000.00, NULL, '1');

-- --------------------------------------------------------

--
-- Struktur dari tabel `komposisi`
--

CREATE TABLE `komposisi` (
  `id` int(11) NOT NULL,
  `id_produk` int(11) DEFAULT NULL,
  `id_bahan_baku` int(11) DEFAULT NULL,
  `penyusutan` double(5,2) DEFAULT NULL
) ENGINE=InnoDB DEFAULT CHARSET=latin1;

--
-- Dumping data untuk tabel `komposisi`
--

INSERT INTO `komposisi` (`id`, `id_produk`, `id_bahan_baku`, `penyusutan`) VALUES
(1, 1, 1, 0.05),
(2, 2, 1, 0.03),
(3, 3, 2, 0.10),
(4, 4, 2, 0.08),
(5, 5, 2, 0.05),
(6, 6, 3, 0.08),
(7, 7, 3, 0.10),
(8, 8, 4, 0.05);

-- --------------------------------------------------------

--
-- Struktur dari tabel `mutasi_bahan_baku`
--

CREATE TABLE `mutasi_bahan_baku` (
  `id` int(11) NOT NULL,
  `tgl` date DEFAULT NULL,
  `id_bahan_baku` int(11) DEFAULT NULL,
  `brg_masuk` double(12,2) DEFAULT NULL,
  `brg_keluar` double(12,2) DEFAULT NULL
) ENGINE=InnoDB DEFAULT CHARSET=latin1;

--
-- Dumping data untuk tabel `mutasi_bahan_baku`
--

INSERT INTO `mutasi_bahan_baku` (`id`, `tgl`, `id_bahan_baku`, `brg_masuk`, `brg_keluar`) VALUES
(1, '2018-01-25', 1, 0.00, 0.00),
(2, '2018-01-25', 2, 0.00, 0.00),
(3, '2018-01-25', 3, 0.00, 0.00),
(4, '2018-01-25', 4, 0.00, 0.00);

-- --------------------------------------------------------

--
-- Struktur dari tabel `mutasi_produk`
--

CREATE TABLE `mutasi_produk` (
  `id` int(11) NOT NULL,
  `tgl` date DEFAULT NULL,
  `id_produk` int(11) DEFAULT NULL,
  `brg_masuk` double(12,2) DEFAULT NULL,
  `brg_keluar` double(12,2) DEFAULT NULL
) ENGINE=InnoDB DEFAULT CHARSET=latin1;

--
-- Dumping data untuk tabel `mutasi_produk`
--

INSERT INTO `mutasi_produk` (`id`, `tgl`, `id_produk`, `brg_masuk`, `brg_keluar`) VALUES
(1, '2018-01-25', 1, 0.00, 0.00),
(2, '2018-01-25', 2, 0.00, 0.00),
(3, '2018-01-25', 3, 0.00, 0.00),
(4, '2018-01-25', 4, 0.00, 0.00),
(5, '2018-01-25', 5, 0.00, 0.00),
(6, '2018-01-25', 6, 0.00, 0.00),
(7, '2018-01-25', 7, 0.00, 0.00),
(8, '2018-01-25', 8, 0.00, 0.00);

-- --------------------------------------------------------

--
-- Struktur dari tabel `pekerjaan`
--

CREATE TABLE `pekerjaan` (
  `id` int(11) NOT NULL,
  `nama` varchar(50) DEFAULT NULL,
  `ket` text
) ENGINE=InnoDB DEFAULT CHARSET=latin1;

--
-- Dumping data untuk tabel `pekerjaan`
--

INSERT INTO `pekerjaan` (`id`, `nama`, `ket`) VALUES
(1, 'DIREKTUR UTAMA', NULL),
(2, 'WAKIL DIREKTUR', NULL),
(3, 'MANAGER ADMINISTRASI DAN KEUANGAN', NULL),
(4, 'KEPALA GUDANG', NULL),
(5, 'MANAGER TEKNISI DAN OPERASIONAL', NULL),
(6, 'MANAGER PENELITIAN KIR', NULL),
(7, 'STAFF ACOUNTING', NULL),
(8, 'STAFF IT', NULL),
(9, 'BAGIAN TRANSPORTASI DAN PEMBANTU UMUM', NULL),
(10, 'STAFF TIMBANGAN', NULL),
(11, 'STAFF COLOKAN SAMPLE', NULL),
(12, 'PENGURUS DAN PENGAWAS KEBUN', NULL),
(13, 'STAFF OVEN', NULL),
(14, 'STAFF KIR', NULL),
(15, 'OFFICE BOY', NULL),
(16, 'SATPAM', NULL),
(17, 'SUPIR', NULL);

-- --------------------------------------------------------

--
-- Struktur dari tabel `pemesanan`
--

CREATE TABLE `pemesanan` (
  `id` int(11) NOT NULL,
  `tgl` date DEFAULT NULL,
  `no_kontrak` varchar(50) DEFAULT NULL,
  `id_buyer` int(11) DEFAULT NULL,
  `id_produk` int(11) DEFAULT NULL,
  `jumlah_karung` int(11) DEFAULT NULL,
  `ket_karung` enum('JUMLAH PASTI','PERKIRAAN') DEFAULT NULL,
  `kemasan` enum('KARUNG GONI','KARUNG PLASTIK') DEFAULT NULL,
  `jumlah` double(12,2) DEFAULT NULL,
  `waktu_pengiriman` date DEFAULT NULL,
  `batas_waktu_pengiriman` date DEFAULT NULL,
  `ket` text,
  `lampiran` text,
  `status` char(1) DEFAULT NULL
) ENGINE=InnoDB DEFAULT CHARSET=latin1;

--
-- Dumping data untuk tabel `pemesanan`
--

INSERT INTO `pemesanan` (`id`, `tgl`, `no_kontrak`, `id_buyer`, `id_produk`, `jumlah_karung`, `ket_karung`, `kemasan`, `jumlah`, `waktu_pengiriman`, `batas_waktu_pengiriman`, `ket`, `lampiran`, `status`) VALUES
(1, '2014-01-01', NULL, 1, 1, NULL, NULL, NULL, 259860.00, NULL, NULL, NULL, NULL, 'S'),
(2, '2014-02-01', NULL, 1, 1, NULL, NULL, NULL, 255727.00, NULL, NULL, NULL, NULL, 'S'),
(3, '2014-03-01', NULL, 1, 1, NULL, NULL, NULL, 185878.00, NULL, NULL, NULL, NULL, 'S'),
(4, '2014-04-01', NULL, 1, 1, NULL, NULL, NULL, 476354.00, NULL, NULL, NULL, NULL, 'S'),
(5, '2014-05-01', NULL, 1, 1, NULL, NULL, NULL, 1814268.00, NULL, NULL, NULL, NULL, 'S'),
(6, '2014-06-01', NULL, 1, 1, NULL, NULL, NULL, 2046570.00, NULL, NULL, NULL, NULL, 'S'),
(7, '2014-07-01', NULL, 1, 1, NULL, NULL, NULL, 1842250.00, NULL, NULL, NULL, NULL, 'S'),
(8, '2014-08-01', NULL, 1, 1, NULL, NULL, NULL, 732694.00, NULL, NULL, NULL, NULL, 'S'),
(9, '2014-09-01', NULL, 1, 1, NULL, NULL, NULL, 775217.00, NULL, NULL, NULL, NULL, 'S'),
(10, '2014-10-01', NULL, 1, 1, NULL, NULL, NULL, 220926.00, NULL, NULL, NULL, NULL, 'S'),
(11, '2014-11-01', NULL, 1, 1, NULL, NULL, NULL, 50255.00, NULL, NULL, NULL, NULL, 'S'),
(12, '2014-12-01', NULL, 1, 1, NULL, NULL, NULL, 50120.00, NULL, NULL, NULL, NULL, 'S'),
(13, '2015-01-01', NULL, 1, 1, NULL, NULL, NULL, 120576.00, NULL, NULL, NULL, NULL, 'S'),
(14, '2015-02-01', NULL, 1, 1, NULL, NULL, NULL, 60768.00, NULL, NULL, NULL, NULL, 'S'),
(15, '2015-03-01', NULL, 1, 1, NULL, NULL, NULL, 100850.00, NULL, NULL, NULL, NULL, 'S'),
(16, '2015-04-01', NULL, 1, 1, NULL, NULL, NULL, 463689.00, NULL, NULL, NULL, NULL, 'S'),
(17, '2015-05-01', NULL, 1, 1, NULL, NULL, NULL, 1842000.00, NULL, NULL, NULL, NULL, 'S'),
(18, '2015-06-01', NULL, 1, 1, NULL, NULL, NULL, 3407830.00, NULL, NULL, NULL, NULL, 'S'),
(19, '2015-07-01', NULL, 1, 1, NULL, NULL, NULL, 3081809.00, NULL, NULL, NULL, NULL, 'S'),
(20, '2015-08-01', NULL, 1, 1, NULL, NULL, NULL, 2650120.00, NULL, NULL, NULL, NULL, 'S'),
(21, '2015-09-01', NULL, 1, 1, NULL, NULL, NULL, 1142170.00, NULL, NULL, NULL, NULL, 'S'),
(22, '2015-10-01', NULL, 1, 1, NULL, NULL, NULL, 425040.00, NULL, NULL, NULL, NULL, 'S'),
(23, '2015-11-01', NULL, 1, 1, NULL, NULL, NULL, 152530.00, NULL, NULL, NULL, NULL, 'S'),
(24, '2015-12-01', NULL, 1, 1, NULL, NULL, NULL, 75000.00, NULL, NULL, NULL, NULL, 'S'),
(25, '2016-01-01', NULL, 1, 1, NULL, NULL, NULL, 100170.00, NULL, NULL, NULL, NULL, 'S'),
(26, '2016-02-01', NULL, 1, 1, NULL, NULL, NULL, 200940.00, NULL, NULL, NULL, NULL, 'S'),
(27, '2016-03-01', NULL, 1, 1, NULL, NULL, NULL, 100850.00, NULL, NULL, NULL, NULL, 'S'),
(28, '2016-04-01', NULL, 1, 1, NULL, NULL, NULL, 50130.00, NULL, NULL, NULL, NULL, 'S'),
(29, '2016-05-01', NULL, 1, 1, NULL, NULL, NULL, 581540.00, NULL, NULL, NULL, NULL, 'S'),
(30, '2016-06-01', NULL, 1, 1, NULL, NULL, NULL, 130480.00, NULL, NULL, NULL, NULL, 'S'),
(31, '2016-07-01', NULL, 1, 1, NULL, NULL, NULL, 4134668.20, NULL, NULL, NULL, NULL, 'S'),
(32, '2016-08-01', NULL, 1, 1, NULL, NULL, NULL, 2251926.00, NULL, NULL, NULL, NULL, 'S'),
(33, '2016-09-01', NULL, 1, 1, NULL, NULL, NULL, 4870263.00, NULL, NULL, NULL, NULL, 'S'),
(34, '2016-10-01', NULL, 1, 1, NULL, NULL, NULL, 3482958.00, NULL, NULL, NULL, NULL, 'S'),
(35, '2016-11-01', NULL, 1, 1, NULL, NULL, NULL, 1000121.00, NULL, NULL, NULL, NULL, 'S'),
(36, '2016-12-01', NULL, 1, 1, NULL, NULL, NULL, 60320.00, NULL, NULL, NULL, NULL, 'S');

-- --------------------------------------------------------

--
-- Struktur dari tabel `perencanaan_bahan_baku`
--

CREATE TABLE `perencanaan_bahan_baku` (
  `id` int(11) NOT NULL,
  `tgl` date DEFAULT NULL,
  `periode` varchar(15) DEFAULT NULL,
  `id_produk` int(11) DEFAULT NULL,
  `jumlah_perencanaan` double(12,2) DEFAULT NULL,
  `safety_stok_produk` double(12,2) DEFAULT NULL
) ENGINE=InnoDB DEFAULT CHARSET=latin1;

-- --------------------------------------------------------

--
-- Struktur dari tabel `produk`
--

CREATE TABLE `produk` (
  `id` int(11) NOT NULL,
  `kd_produk` varchar(25) DEFAULT NULL,
  `nama` varchar(50) DEFAULT NULL,
  `satuan` enum('KG','PCS') DEFAULT NULL,
  `ket` text,
  `foto` text,
  `stok_akhir` double(12,2) DEFAULT NULL
) ENGINE=InnoDB DEFAULT CHARSET=latin1;

--
-- Dumping data untuk tabel `produk`
--

INSERT INTO `produk` (`id`, `kd_produk`, `nama`, `satuan`, `ket`, `foto`, `stok_akhir`) VALUES
(1, 'KP-DEF80', 'KOPI DEF 80', 'KG', NULL, NULL, 100.00),
(2, 'KP-DEF120', 'KOPI DEF 120', 'KG', NULL, NULL, 100.00),
(3, 'KP-2025', 'KOPI 20/25', 'KG', NULL, NULL, 50.00),
(4, 'KP-4045', 'KOPI 40/45', 'KG', NULL, NULL, 50.00),
(5, 'KP-3035', 'KOPI 30/35', 'KG', NULL, NULL, 50.00),
(6, 'KP-6065', 'KOPI 60/65', 'KG', NULL, NULL, 50.00),
(7, 'KP-8085', 'KOPI 80/85', 'KG', NULL, NULL, 50.00),
(8, 'LD-HTM', 'LADA HITAM', 'KG', NULL, NULL, 100.00);

-- --------------------------------------------------------

--
-- Struktur dari tabel `supplier`
--

CREATE TABLE `supplier` (
  `id` int(11) NOT NULL,
  `nik` varchar(16) DEFAULT NULL,
  `npwp` varchar(16) DEFAULT NULL,
  `nama` varchar(255) DEFAULT NULL,
  `alamat` text,
  `telp` varchar(20) DEFAULT NULL,
  `email` varchar(50) DEFAULT NULL,
  `status` char(1) DEFAULT NULL,
  `supplier_utama` int(11) DEFAULT NULL
) ENGINE=InnoDB DEFAULT CHARSET=latin1;

--
-- Dumping data untuk tabel `supplier`
--

INSERT INTO `supplier` (`id`, `nik`, `npwp`, `nama`, `alamat`, `telp`, `email`, `status`, `supplier_utama`) VALUES
(1, NULL, '819774985326000', 'EKO PAJAR DIANTO', 'TIGA SERANGKAI RT 010/005 OGAN CAMPANG ABUNG PEKURUN', '081379405914', NULL, '1', 1),
(2, NULL, '461003279326000', 'RAHMAN ADI CANDRA', 'TANJUNG BARU RT 002/005 TANJUNG BARU BUKIT KEMUNING', '081313739222', NULL, '1', 2),
(3, NULL, '730522612302000', 'PIRMANSYAH', 'PEDATARAN ULU OGAN DUSUN 01 RT 01/01', '085267672627', NULL, '1', 3),
(4, NULL, '7166761796302000', 'HELWANA', 'PEDATARAN ULU OGAN DUSUN 01 RT 01/01', '085267676227', NULL, '1', 4),
(5, NULL, '739552230326000', 'SAMSUL', 'BATU KODOK SUKA MULYO RT 010/004 TANJUNG RAJA', '082178825528', NULL, '1', 5),
(6, NULL, '163710072326000', 'ERWIN', 'CAMPANG DELAPAN RT 001/001 CAMPANG LAPAN BANJIT', '081369255838', NULL, '1', 6),
(7, NULL, '544568470326000', 'MUHAMMAD SAAD', 'PEMANGKU 02 SUKANANTI WAY TENONG', '081369215546', NULL, '1', 7),
(8, NULL, '698866241326000', 'SURIYATI', 'PEMANGKU 02 SUKANANTI WAYTENONG', '081369215546', NULL, '1', 8),
(9, NULL, '818542110326000', 'MERI YANTI', 'JL. LINTAS LIWA PURA LAKSANA RT 005/003 PURALAKSANA WAY TENONG', '081279950914', NULL, '1', 9),
(10, NULL, NULL, 'SIKAMAN', 'JL. LINTAS LIWA PURA LAKSANA RT 005/003 PURA LAKSANA WAY TENONG', '081279950914', NULL, '1', 10),
(11, NULL, '642948038326000', 'SAIDI ANWAR', 'SIDO KAYO RT 002/002 ABUNG TINGGI LAMPUNG UTARA', '082183483335', NULL, '1', 11),
(12, NULL, '819438110302000', 'KHAIRUL FUADI', 'DUSUN 1 PEDATARAN ULU OGAN', '081271129377', NULL, '1', 12),
(13, NULL, '084888205321000', 'MARKIS', 'GIHAM SUKAMAJU RT 001/001 SEKINCAU', '081539930559', NULL, '1', 13),
(14, NULL, '1464685743260000', 'RUSMAN', 'JL. PASAR BUNGIN RT 001/006 PURA MEKAR GEDUNG SURIAN', '0811795544', NULL, '1', 14),
(15, NULL, '778500819326000', 'SUWANTI NINGSIIH', 'JL. PASAR BUNGIN RT 001/006 PURA MEKAR GEDUNG SURIAN', '0811795544', NULL, '1', 15),
(16, NULL, '495186249905000', 'ENI SUPARTINI', 'PERUM PURI KAMPIAL BLOK C NO. 77 BENOA BADUNG', '0811795544', NULL, '1', 16),
(17, NULL, '084887587321000', 'NEDI', 'CIPTALAGA RT 010/004 CIPTA WARAS GEDUNG SURIAN', '0811795544', NULL, '1', 17),
(18, NULL, '153758743326000', 'RIDWAN', 'DESA SUBIK RT. 002/001 SUBIK ABUNG TENGAH', '082374883804', NULL, '1', 18),
(19, NULL, '156451551326000', 'MUHAMAD SEMAR', 'SUMBER ALAM KEC. AIR HITUAM LAMMPUNG', '085789737967', NULL, '1', 19),
(20, NULL, '667503452326000', 'H WARSONO', 'MUARA JAYA 2 KEC. KEBUN TEBU PEMANGKU MUARA JAYA', '085269250729', NULL, '1', 20),
(21, NULL, '541741716326000', 'SUWANDI WARSONO', 'MUARA JAYA 2 KEC. KEBUN TEBU PEMANGKU MUARA JAYA', NULL, NULL, '1', 21),
(22, NULL, '755021086326000', 'DESI NUR WANTO', 'MUARA JAYA 2 KEC. KEBUN TEBU PEMANGKU MUARA JAYA', '085269250792', NULL, '1', 22),
(23, NULL, '150365682326000', 'SIRAJUDIN', 'DUDUN CAMPUR SARI 1 ARGOMULYO BANJIT', '082375253446', NULL, '1', 23),
(24, NULL, '761711704302000', 'E. NENGGOLAN', 'GUNUNG RAYA WARKUK RANAU SELATAN', '082182159036', NULL, '1', 24),
(25, NULL, '794119750329000', 'HAIDAR HASNI', 'JL. RADEN INTAN NO. 5 WAY MENGAKU BALIK BUKIN LAMBAR', '081272070462', NULL, '1', 25),
(26, NULL, '711631960327000', 'HJ. FITRI HAYANI', 'KAMPUNG MUARA AMAN DESA KAMPUNG MUARA AMAN LEBONG UTARA', NULL, NULL, '1', 26),
(27, NULL, '758517395327000', 'PIPIET IRIANTO', 'KAMPUNG MUARA AMAN DESA KAMPUNG MUARA AMAN LEBONG UTARA', NULL, NULL, '1', 27),
(28, NULL, '710597782326000', 'KOMARUDIN', 'DESA SUKAMMULYA RT 002/002 TANJUNG RAYA', '082282736519', NULL, '1', 28),
(29, NULL, '554647628326000', 'IHROM', 'AGUNG RAYA RT 001/006 PURAJAYA KEBUN TEBU', '085269503561', NULL, '1', 29),
(30, NULL, NULL, 'AHMAD EFENDI', 'SINAR SARI RT 006/0003 OGAN CAMPANG ABUNG PEKURUN', '085658906079', NULL, '1', 30),
(31, NULL, '155454564326000', 'LISUS GANI', 'DUSUN 01 DESA SEKIPI RT 001/001 ABUNG TINGGI', '082183113888', NULL, '1', 31),
(32, NULL, '714187226326000', 'ACENG', 'BATU KEBAYAN KEC. BELALAU LAMPUNG BARAT', '082371846718', NULL, '1', 32),
(33, NULL, '812543726326000', 'AHMAD SARKONI', 'SUBIK RT 002/002 SUBIK ABUNG TENGAH', '081279554719', NULL, '1', 33),
(34, NULL, '084479070302000', 'GUSRI AMULI', 'JL. HORO SENANG KOMPLEK BARURAJA PERMAI BLOK 0 NO. 22 BTA', '085267646500', NULL, '1', 34),
(35, NULL, '710091992326000', 'HAYATUL', 'JL. SUMBER JAYA KEL. DWI KORA BUKIT KEMUNING', '081379330005', NULL, '1', 35),
(36, NULL, '823025424326000', 'APRIL SENIADI', 'DESA DWIKORA RT 003/005 DWIKORA BUKIT KEMUNING', NULL, NULL, '1', 36),
(37, NULL, '824737068326000', 'SULTAN KURNAIN', 'DESA DWIKORA RT 003/005 DWIKORA BUKIT KEMUNING', NULL, NULL, '1', 37),
(38, NULL, NULL, 'LISNAWATI', 'DESA DWIKORA RT 003/005 DWIKORA BUKIT KEMUNING', NULL, NULL, '1', 38),
(39, NULL, NULL, 'CECEP HAMBALI', 'LINGKUNGAN III RT 001/001', '081379330005', NULL, '1', 39),
(40, NULL, '724734553327000', 'ARLAN', 'JL. LINTAS KAPAHIYANG KEL. TEBAT MONOK BENGKULU', '081373181906', NULL, '1', 40),
(41, NULL, '459448882326000', 'LINA ARDIANA', 'MEKAR JAYA RT 005/003 KEL. SUMBER ALAM AIR HITAM LAMBAR', '085609222040', NULL, '1', 41),
(42, NULL, '802313759326000', 'NADA ELWAN', 'KALI PASIR OGAN JAYA RT 001/001 OGAN JAYA PEKURUN', '085766651622', NULL, '1', 42),
(43, NULL, '819747692326000', 'SOLEHUDIN GOJALI', 'KARANG SUTRA RT 011/004 SUKASARI TANJUNG RAJA', '085379891038', NULL, '1', 43),
(44, NULL, ' 722278488326000', 'HUSAIN', 'SUMBER ALAM RT 005/004 DESA SUMBER ALAM KEC. AIR HITAM', '081540832156', NULL, '1', 44),
(45, NULL, '541740726326000', 'IYA MAHYUDIN', 'DESA MEKAR JAYA KEC. GEDUNG SURIAN RT 002/002 LAMPUNG BARAT', '0855269403287', NULL, '1', 45),
(46, NULL, '747581486326000', 'PONIMAN', 'SUKA UTAMA 1 RT 001/001 SUKA JAYA SUMBER JAYA LAMBAR', NULL, NULL, '1', 46),
(47, NULL, '820738177326000', 'JONSON', 'TULUNG BALAK RT 002/002 TULUNG BALAK TANJUNG RAJA', '085380281122', NULL, '1', 47),
(48, NULL, '821297231326000', 'ISKANDAR', 'SINDANG MARGA RT 003/003 TANJUNG RAJA', NULL, NULL, '1', 48),
(49, NULL, NULL, 'NANA WAWAN', 'MUARA DUA', NULL, NULL, '1', 49),
(50, NULL, '168231678302000', 'M. JAILANI', 'KIWIS RAYA WARKUK RANAU SELATAN OKU SELATAN', '085210658083', NULL, '1', 50),
(51, NULL, '820749018302000', 'IMYURID', 'DUSUN 1 BERINGIN MUARA JAYA OGAN KEMERING ULU SUMSEL', NULL, NULL, '1', 51),
(52, NULL, '822107900326000', 'IRWANSYAH', 'CIPTA SARI RT 001/003 KEL. TUGU MULYA KEC. KEBUN TEBU', '0853681000986', NULL, '1', 52),
(53, NULL, '168612091326000', 'TABRANI', 'DESA PULAU PANGGUNG RT 004/004 ABUNG TINGGI LAMMPUNG UTARA', '081369010420', NULL, '1', 53),
(54, NULL, '803993385326000', 'SEPRIYADI', 'TALANG BARU RT 002/002 TALANG BOJONG KOTABUMI', '085279285253', NULL, '1', 54),
(55, NULL, '767839392326000', 'A RONI MURNI', 'JL. SUTTAN PN RAJO ASLI NO. 16 RT 001/001 KOTABUMI ILIR', '082375261199', NULL, '1', 55),
(56, NULL, '769371881326000', 'UNTUNG S', 'POKTAN SRI REJEKI SUKAPURA SUMBER JAYA', NULL, NULL, '1', 56),
(57, NULL, '457595494326000', 'NOVI HERMANSYAH', 'DURENAN RT 001/004 KEL. MUARA JAYA 1 KEC. TEBU', '081379352812', NULL, '1', 57),
(58, NULL, '808777080326000', 'GUSLAL HADIANTO', 'AGUNG RAYA RT 001/006 PURA JAYA KEBUN TEBU', '081379352812', NULL, '1', 58),
(59, NULL, '722356185326000', 'JUMAIRI BABAS', 'PEMANGKU 1 RT 001/001 WAY PETAI SUMBER JAYA', NULL, NULL, '1', 59),
(60, NULL, '1803110510770003', 'SAPARUDIN', 'DESA SUBIK RT 002/001 SUBIK ABUNG TENGAH', '085268856006', NULL, '1', 60),
(61, NULL, '820738177326000', 'JONSON', 'TULUNG BALAK RT 002/002 TULUNG BALAK TANJUNG RAJA', '085380281122', NULL, '1', 61),
(62, NULL, '142318807327000', 'RONA HADI', 'DUSUN BARUMANIS KEC. BARUMANIS ULU LEBONG', NULL, NULL, '1', 62),
(63, NULL, '803993385326000', 'SEPRIYADI', 'TALANG BARU RT 002/002 TALANG BOJONG KOTABUMI', '085279285253', NULL, '1', 63),
(64, NULL, '820811446302000', 'SAHRIL ALI', 'JL. BUMI KAWA DUSUN II KEC. LENGKITI OGAN KOMERING ULU', '008237862684', NULL, '1', 64),
(65, NULL, '169731577326000', 'H HAMZAH TURAYA', 'BANGI SRI AGUNG RT 01/07 ABUNG KUNANG LAMPUNG UTARA', NULL, NULL, '1', 65),
(66, NULL, '725873178326000', 'SARDI', 'SIDOKAYO RT 001/001 KEL. SIDOKAYO ABUNG TINGGI LAMPUNG UTARA', '081272300092', NULL, '1', 66),
(67, NULL, '762225266313000', 'TAMRI', 'DESA TANAH ABANG SEMENDE DARAT LAUT', NULL, NULL, '1', 67),
(68, NULL, '642198659325000', 'SUHENDI', 'DUSUN SIDOHARJO 2 NEGARA RATU RT 18/06 NATAR LAMPUNG SELATAN', NULL, NULL, '1', 68),
(69, NULL, NULL, 'HELMUDIN', 'MARGA SETIA RT 001/001 SUKARAJA WAY TENONG', '08127284856', NULL, '1', 69),
(70, NULL, '75988480236000', 'ASRIN', 'WAY PETAY SUMBER JAYA LAMPUNG BARAT', '081541480379', NULL, '1', 70),
(71, NULL, '154261432327000', 'TASLIM', 'TEBAT KARET KEPAHIYANG BENGKULU', '081271192952', NULL, '1', 71),
(72, NULL, '084891944321000', 'WIRAWAN', 'MARGA WIWIWTAN TUGU SARI SUMBER JAYA LAMPUNG BARAT', '081379707711', 'NULL', '1', 72),
(73, NULL, NULL, 'DODI SANDRA', 'DESA BOJONG BARAT RT 002/002 BOJONG BARAT', '085273120276', NULL, '1', 73),
(74, NULL, NULL, 'SUKARDI A', 'FILA TENGAH TIGA JAYA SEKINCAU', '085279778434', NULL, '1', 74),
(75, NULL, NULL, 'DIAN SUSANTI', 'FILA TENGAH TIGA JAYA SEKINCAU', '085279778434', NULL, '1', 75),
(76, NULL, NULL, 'WALUYO SUSANTO', 'LINGKUNGAN 1 KEBAS RT 002/001 SEKINCAU', '085279778434', NULL, '1', 76),
(77, NULL, NULL, 'WALUYO SUSANTO', 'LINGKUNGAN 1 KEBAS RT 002/001 SEKINCAU', '085279778434', NULL, '1', 77),
(78, NULL, NULL, 'M SOLIKHIN', 'TIGA JAYA RT 001/001 TIGA JAYA SEKINCAU', '085279778434', NULL, '1', 78),
(79, NULL, NULL, 'FRENGKI KURNIAWAN', 'DESA TIGA JAYA KEC. SEKINCAU LAMPUNG BARAT', NULL, NULL, '1', 79),
(80, NULL, NULL, 'WISAMANTO SUKARDI', 'SEJURAI ATAS RINGIN JAYA', NULL, NULL, '1', 80),
(81, NULL, NULL, 'RIAN ANGGARA', 'JL. KEAGUNGAN RATU TR 01/06 ABUNG PEKURUN', '082234653520', NULL, '1', 81),
(82, NULL, NULL, 'FAUZIE ARIZON MS', 'JL. HAMAMI F NO. 38 RT 01/01 KOTABUMI UDIK LU', NULL, NULL, '1', 82),
(83, NULL, NULL, 'YOSA HENDRA', 'JL. BERINGIN RT 002/002 BERINGIN ABUNG KUNANG', NULL, NULL, '1', 83),
(84, NULL, NULL, 'MARSUDI', 'DUSUN SUMBER REJO RT 007/004 PEKURUN UTARA ABUNG TENGAH', '085279778434', NULL, '1', 84),
(85, NULL, NULL, 'HEVI SONDIA', 'OGAN JAYA RT 001/001 OGAN JAYA ABUNG PEKURUN', '085307240084', NULL, '1', 85),
(86, NULL, NULL, 'SUGIRI FERNANDO', 'TANJUNG BARU RT 002/005 TANJUNG BUKIT KEMUNING', '081313739222', NULL, '1', 86),
(87, NULL, NULL, 'MUSIDIN LINGGAPURA', 'LINGGAPURA RT 003/010 LINGGAPURA SELAGAI LINGGA', '085669969932', NULL, '1', 87),
(88, NULL, NULL, 'ASRI ANTINAR', 'LINGGAPURA RT 004/010 SELAGAI LINGGA LAMPUNG TENGAH', '085669969932', NULL, '1', 88),
(89, NULL, NULL, 'BUDI ABDURAHMAN', 'LINGGAPURA RT 004/010 SELAGAI LINGGA LAMPUNG TENGAH', '085669969932', NULL, '1', 89),
(90, NULL, NULL, 'ANA SANJAYA', 'SUKA JAYA SUMBER JAYA', NULL, NULL, '1', 90),
(91, NULL, NULL, 'AGUS SUPRAPTO', 'LINGGAPURA RT 001/009 SELAGAI LINGGA LAMPUNG TENGAH', '085669969932', NULL, '1', 91),
(92, NULL, NULL, 'ZULKIFLI', 'LINGGAPURA RT 04.09 SELAGAI LINGGA LAMPUNG TENGAH', NULL, NULL, '1', 92),
(93, NULL, NULL, 'SUPARNO', 'MARGA JAYA RT 002/001 MARGA JAYA SELAGAI LINGGAPURA', '085669790922', NULL, '1', 93),
(94, NULL, NULL, 'M NAWAWI', 'TALANG WARAS RT 002/003 TALANG BOJONG KOTABUMI', '085279778434', NULL, '1', 94),
(95, NULL, NULL, 'SUKRI', 'SRI BANDUNG RT 04/04 ABUNG TENGAH LAMPUNG UTARA', '08137979055', NULL, '1', 95),
(96, NULL, NULL, 'NELSON MANDELA', 'CAMPANG DELAPAN RT 001/001 CAMPANG LAPAN BANJIT', '081369255838', NULL, '1', 96),
(97, NULL, NULL, 'ALAMSYAH', 'DESA WAY MELAN RT 005/003 WAY MELAN KOTABUMI SELATAN', '085267211242', NULL, '1', 97),
(98, NULL, NULL, 'SUPLY', 'JL. HAMAMI FARIAL MEGA RT 004 KOTABUMI UDIK', '081381835221', NULL, '1', 98),
(99, NULL, NULL, 'SI KAMAN', 'JL. LINTAS LIWA PURA LAKSANA RT 005/003 PURA LAKASANA WAY TENONG', '081279950914', NULL, '1', 99),
(100, NULL, NULL, 'IWAN FALS', 'DESA SIRING AGUNG KEC. KISAM TINGGI KAB. OKU SELATAN', '085383114086', NULL, '1', 100),
(101, NULL, NULL, 'HADI', 'PANGKUL TENGAH RT 001/001 KOTABUMI SELATAN', '081272712323', NULL, '1', 101),
(102, NULL, NULL, 'ALI NASWAN', 'DESA TANGGA RASA ULU MUSI PAGAR ALAM', '085328867996', NULL, '1', 102),
(103, NULL, NULL, 'SYAMSUL BAHRI', 'CIPTA JAYA PURA WIWIWTAN KEBUN TEBU MENDINGIN', '082182749090', NULL, '1', 103),
(104, NULL, NULL, 'EFENDI', 'SRI BANDUNG RT 004/004 ABUNG TENGAH', '081379236783', NULL, '1', 104),
(105, NULL, NULL, 'SURYANTO', 'DUDUN VII NEGERI SINDANG SOSOH BUAY RAYAP', NULL, NULL, '1', 105),
(106, NULL, NULL, 'AAN BUDI SUSANTO', 'RANAU PRING RT 005/004 WAY MELAN KOTABUMI SELATAN', '0852266171145', NULL, '1', 106),
(107, NULL, NULL, 'DENDI', 'JL. SUKAJAYA SUMBER JAYA', '082179950520', NULL, '1', 107),
(108, NULL, NULL, 'MARYATI', 'JL. SUKAJAYA SUMBER JAYA LAMPUNG BARAT', '082179950520', NULL, '1', 108),
(109, NULL, NULL, 'IDRUS HADI', 'DESA SUKARAJA KEC. KOTA AGUNG LAHAT', '081278443436', NULL, '1', 109),
(110, NULL, NULL, 'BUDIANTO', 'GUNUNG TERANG RT 001/001 GUNUNG TERANG AIR HITAM', '085669613579', NULL, '1', 110),
(111, NULL, NULL, 'ANDI', 'DUDUN PALEMBANGAN RT 001/002 BUMI MANDIRI ABUNG BARAT', '082183584228', NULL, '1', 111),
(112, NULL, NULL, 'MAT SANI', 'TANJUNG RAYA TANJUNG RAYA WAY TENONG', '081379323695', NULL, '1', 112),
(113, NULL, NULL, 'WILIYANDO DESTENDO', 'LK III PASAR BANJIT BANJIT', NULL, NULL, '1', 113),
(114, NULL, NULL, 'HENDRI FERNANDES', 'SABUK INDAH RT 001/001 ABUNG KUNANG LAMPUNG UTARA', '08127931634', NULL, '1', 114),
(115, NULL, NULL, 'SUHAIRI', 'SRI BANDUNG RT 001/001 SRI BANDUNG ABUNG TENGAH', '081279259524', NULL, '1', 115),
(116, NULL, NULL, 'ZULKARNAIN', 'DESA NANJUNGAN NANJUNGAN PENDEPO', '082378443111', NULL, '1', 116),
(117, NULL, NULL, 'RUSDI EFRI', 'KEMU ULU PULAU BERINGIN', '085368026837', NULL, '1', 117),
(118, NULL, NULL, 'SUWONDO WAHRIDIN', 'DUSUN III SIMPANG SENDER SELATAN BUAY PEMATANG RIBU RANAU TENGAH', '081274805070', NULL, '1', 118),
(119, NULL, NULL, 'ADE SUMARDI', 'MARGA WIWITAN II TUGU SARI SUMBER JAYA', NULL, NULL, '1', 119),
(120, NULL, NULL, 'MATSOBIRIN', 'PRIANGAN BARU RT 001/002 PRIANGAN BARU TANJUNG RAJA', '082111389736', NULL, '1', 120),
(121, NULL, NULL, 'MULYADI', 'TALANG BARU RT 001/006 SUMBER TANI ABUNG PEKURUN', '082178257316', NULL, '1', 121),
(122, NULL, NULL, 'SAIFUL', 'DESA KEMBANG GADING RT 01/08 ABUNG SELATAN KOTABUMI', NULL, NULL, '1', 122),
(123, NULL, NULL, 'WALUYO SUSANTO', 'LINGKUNGAN 1 KEBAS RT 002/001 SEKINCAU', '085279778434', NULL, '1', 123),
(124, NULL, NULL, 'M ANSYAR', 'DUSUN 1, DESA SIMPANG LUAS SUNGAI ARE', '081373911133', NULL, '1', 124),
(125, NULL, NULL, 'SULAIMAN', 'CAMPANG GIJUL RT 001/001 ABUNG PEKURUN', '085279125750', NULL, '1', 125),
(126, NULL, NULL, 'JAYUSMAN', 'SUMBER SARI RT 001/006 SIDOKAYO ABUNG TINGGI', '082374407632', NULL, '1', 126),
(127, NULL, NULL, 'DARMAWANSYAH SPD', 'JL. SOEKARNO HATTA GG. ELANG 1 NO 87 RT 002/005 TANJUNG HARAPAN', '081369209956', NULL, '1', 127),
(128, NULL, NULL, 'ANTON ANDESKA', 'CURUP ULU DUSUN II TANJUNG DURIAN BUAY PEMACA', '082282939809', NULL, '1', 128),
(129, NULL, NULL, 'ASWIN', 'CURUP ULU DUSUN II TANJUNG DURIAN BUAY PEMACA', '082282939809', NULL, '1', 129),
(130, NULL, NULL, 'SAMSURI', 'DUSUN 1 UJAN MAS RT 001/002 SINAR MAS ALAM KOTABUMI', NULL, NULL, '1', 130),
(131, NULL, NULL, 'N SASTRA JAYA', 'PEKON WURAWIWITAN KEC. KEBON TEBU LAMPUNG BARAT', '085269307047', NULL, '1', 131),
(132, NULL, NULL, 'A ZAILI', 'SINDANG MARGA RT 001/001 SINDANG MARGA TANJUNG RAJA', '085279246733', NULL, '1', 132),
(133, NULL, NULL, 'PONIYAH', 'MEKAR JAYA RT 005/003 SUMBER ALAM AIR HITAM', '081273881787', NULL, '1', 133),
(134, NULL, NULL, 'AMAMAH', 'DESA PRIANGAN BARU RT 001/002 TANJUNG RAJA', NULL, NULL, '1', 134),
(135, NULL, NULL, 'CHRISS', 'SINAR MAS ALAM RT 001/002 KOTABUMI SELATAN', NULL, NULL, '1', 135),
(136, NULL, NULL, 'ADI ISMANTO', 'KARANG ANYAR RT 006/001 SELAGAI LINGGA / UJAN MAS', '085279778434', NULL, '1', 136),
(137, NULL, NULL, 'ANDRI MUDIN', 'DUSUN 1 RT 001/001 SINAR MAS ALAM KOTABUMI', NULL, NULL, '1', 137),
(138, NULL, NULL, 'RIBHAN', 'PENDOPO LINTANG RT 01/01 KAB. EMPAT LAWANG PENDOPO', '081368445174', NULL, '1', 138),
(139, NULL, NULL, 'AHMAD EFENDI', 'SINAR SARI RT 006/003 OGAN CAMPANG ABUNG PEKURUN', '085658906079', NULL, '1', 139),
(140, NULL, NULL, 'SUGIARTO', 'WAY PETAI RT 001/004 SUMBER JAYA', '085208467999', NULL, '1', 140),
(141, NULL, NULL, 'SUPRAYITNO', 'WASPADA PEMANGKU 1 RT 004/001 SEKINCAU', '085709777765', NULL, '1', 141),
(142, NULL, NULL, 'ROZALI', 'DUSUN TEJOSARI RT 001/007 KEMBANG GADING ABUNG SELATAN', '085369039104', NULL, '1', 142),
(143, NULL, NULL, 'ISHAK JULIANSYAH', 'JL. PENITIS NO. 555 RT 005/005 TANJUNG AMAN KOTABUMI', '081278243029', NULL, '1', 143),
(144, NULL, NULL, 'BASRI', 'SUMBER TANI RT 001/001 ABUNG PEKURUN', '085769488958', NULL, '1', 144),
(145, NULL, NULL, 'SAWILAN HI', 'SEMARANG JAYA RT 006/002 AIR HITAM', '081366450116', NULL, '1', 145),
(146, NULL, NULL, 'FARIZAL', 'TALANG SEBARIS RT 002/009 KOTABUMI UDIK', '082375258171', NULL, '1', 146),
(147, NULL, NULL, 'KASLAN', 'PAJAR BULAN', NULL, NULL, '1', 147),
(148, NULL, NULL, 'HANI MASLUHA', 'DESA SUBIK RT 020/002 SUBIK ABUNG TENGAH', '08127969289', NULL, '1', 148),
(149, NULL, NULL, 'NUR HOLIS', 'BANDUNG BARU RT 004/002 BANDUNG BARU ADI LUWIH PRINGSEWU', '082371813210', NULL, '1', 149),
(150, NULL, NULL, 'ISWADI', 'JL. LADA NO. 28 KEBON LIMA RT 002/003 TANJUNG SENANG', '081379864892', NULL, '1', 150),
(151, NULL, NULL, 'YULI YADI', 'KP TANJUNG KURUNG RT 02/05 KEC. KASUI WAY KANAN', '082372791118', NULL, '1', 151),
(152, NULL, NULL, 'ANDI HIDAYATULLAH', 'TALANG WARAS RT 001/003 TALANG BOJONG KOTABUMI', '082186369571', NULL, '1', 152),
(153, NULL, NULL, 'ZAINUDIN', 'DUSUN V BABATAN SEMENDE DARAT LAUT MUARA ENIM', '08237213300', NULL, '1', 153),
(154, NULL, NULL, 'PINANDAR', 'SABUK INDAH RT 003/003 SABUK INDAH ABUNG KUNANG', '082177661621', NULL, '1', 154),
(155, NULL, NULL, 'FERLI', 'KAMPUNG JAYA TINGGI KASUI', '082269050140', NULL, '1', 155),
(156, NULL, NULL, 'SUGIARTO (GERRY)', 'TALANG BOJONG RT 04/04 KEC. KOTABUMI SELATAN', '081368164189', NULL, '1', 156),
(157, NULL, NULL, 'HARYONO', 'TALANG WARAS RT 001/003 TALANG BOJONG KOTABUMI', '085789929971', NULL, '1', 157),
(158, NULL, NULL, 'SUPRIYADI', 'TALANG BARU RT 002/001 BUMI NABUNG ABUNG BARAT', '081373068385', NULL, '1', 158),
(159, NULL, NULL, 'ROMLI', 'CAMPANG ULU TR 009/005 OGAN CAMPANG ABUNG PEKURUN', '081272600919', NULL, '1', 159),
(160, NULL, NULL, 'HUZAIRIN', 'JL. KAPTEN RT/RW 004/005 KEL. TANJUNG HARAPAN', '082176805887', NULL, '1', 160),
(161, NULL, NULL, 'GUSRI AMULI', 'JL. HORO SENANG KOMP BATURAJA PERMAI BLOK 0 NO 22 BATURAJA', '085267646500', NULL, '1', 161),
(162, NULL, NULL, 'SUPARMAN', 'DESA DANAU JAYA KEC. BUAY PEMANCA MUARA DUA', '081368313487', NULL, '1', 162),
(163, NULL, NULL, 'ZAINUDIN', 'JL. KAPTEN MUSTOFA NO. 47 GG. MERAK 1 RT 05/05 KEL. TANJUNG AMAN', '081373939090', NULL, '1', 163),
(164, NULL, NULL, 'ISRUN', 'SRI AGUNG RT 002/002 SUNGKAI JAYA', '085366994770', NULL, '1', 164),
(165, NULL, NULL, 'SADIP', 'TALANG BOJONG RT/RW 002/001 KEL. TALANG BOJONG KEC. KOTABUMI', '0852269713987', NULL, '1', 165),
(166, NULL, NULL, 'SUHELMI TR', 'BANGI SRI AGUNG RT 001/007 AJI KAGUNGAN ABUNG KUNANG', '085269677623', NULL, '1', 166),
(167, NULL, NULL, 'SAPRI', 'WATES DESA/KEL WATES KEC. SINDANG DANAU', '082121447811', NULL, '1', 167),
(168, NULL, NULL, 'SEHAT', 'SUBIK', NULL, NULL, '1', 168),
(169, NULL, NULL, 'HELMUDIN', 'MARGA SETIA RT 001/001 KEL. SUKARAJA WAY TENONG', '082175865394', NULL, '1', 169),
(170, NULL, NULL, 'AKMAL BULHARI', 'JL. DESA SRIBANDUNG RT 004/004 SRIBANDUNG ABUNG TENGAH', '081369228754', NULL, '1', 170),
(171, NULL, NULL, 'DURAJI', 'DESA SUBIK RT 002/001 BATU KODOK', NULL, NULL, '1', 171),
(172, NULL, NULL, 'ANDI HIDAYAT', 'OGAN JAYA RT 001/002 OGAN JAYA ABUNG PEKURUN', '085273331441', NULL, '1', 172),
(173, NULL, NULL, 'HUSAIRIN', 'JL. KAPTEN MUSTOFA GG. MERAK V NO. 200 RT 004/004 TANJUNG HARAPAN', '082176805887', NULL, '1', 173),
(174, NULL, NULL, 'SURAJI', 'DESA SUKA MULYA RT 002/002 SUKA MULYA TANJUNG RAJA', '085267482163', NULL, '1', 174),
(175, NULL, NULL, 'H. WASIS', 'JL. SRI MULYO GEDUNG SURYA LAMPUNG BARAT', NULL, NULL, '1', 175),
(176, NULL, NULL, 'ROSDIANA', 'SUBIK RT 002/001 ABUNG TENGAH', '081369981025', NULL, '1', 176),
(177, NULL, NULL, 'TON HARYONI', 'TALANG BOJONG RT 01/01 TALANG BOJONG', '085380274531', NULL, '1', 177),
(178, NULL, NULL, 'ALWAN RONI', 'JL. SARMIN CITEREP RT 003/003 KETAPANG SUNGAI SELATAN', NULL, NULL, '1', 178),
(179, NULL, NULL, 'MAWANTO', 'TALANG BARU SUMBER TANI RT 001/006 ABUNG PEKURUN', NULL, NULL, '1', 179),
(180, NULL, NULL, 'BUSNAN HADI', 'SUMBER MULYO DS. SIDODADI BUAY PEMACA OKU', '081272805454', NULL, '1', 180),
(181, NULL, NULL, 'HERMAN', 'DUSUN III KIWIS RAYA WARKUK RANAU SELATAN', '085208462280', NULL, '1', 181),
(182, NULL, NULL, 'TARMIZI', 'JL. PADASUKA RT 003/003 ALAM KARI KOTABUMI', '081369082852', NULL, '1', 182),
(183, NULL, NULL, 'SOLIHIN', 'SABUK INDAH RT 005/005 SABUK INDAH ABUNG KUNANG', '081369912568', NULL, '1', 183),
(184, NULL, NULL, 'HARYANI YASIN', 'JL. ST PESIRAH ABUNG NO 84 RT 003/002 KOTABUMI ILIR', '085384455503', NULL, '1', 184),
(185, NULL, NULL, 'HASANUDIN', 'KOTA AGUNG RT 002/002 NO. 33 KEC. SUNGKAI SELATAN', '082371035208', NULL, '1', 185),
(186, NULL, NULL, 'ADI AWA', 'ALAM KARI RT 008/002 KOTABUMI UDIK', '081271660200', NULL, '1', 186),
(187, NULL, NULL, 'SADEKI', 'KALI BUNDER RT 002/001 KALI CINTA KOTABUMI', '085279383909', NULL, '1', 187),
(188, NULL, NULL, 'PENDI', 'PADASUKA RT 003/008 KOTABUMI UDIK', '085378510901', NULL, '1', 188),
(189, NULL, NULL, 'NANA WAWAN', 'MUARA DUA', NULL, NULL, '1', 189),
(190, NULL, NULL, 'YUDI ANTONI', 'CEMPAKA RT/RW 002/006 SUNGKAI JAYA', '082371019885', NULL, '1', 190),
(191, NULL, NULL, 'IJAL', 'KEBUN 4', NULL, NULL, '1', 191),
(192, NULL, NULL, 'AHMAD YANI', 'DUSUN II DESA BOJONG BARAT RT/RW 001/002 BOJONG BARAT', '081369276354', NULL, '1', 192),
(193, NULL, NULL, 'MUHSIN', 'KOTA AGUNG DUSIN 1 LAHAT SUMATERA SELATAN', '082375612464', NULL, '1', 193),
(194, NULL, NULL, 'DODI INDRO', 'TALANG SEBARIS RT 002/009 KOTABUMI UDIK', '082279992168', NULL, '1', 194),
(195, NULL, NULL, 'DONI YARDI', 'TALANG SEBARIS RT 002/009 KOTABUMI UDIK', '082382938543', NULL, '1', 195),
(196, NULL, NULL, 'DARUL KUTENI', 'JL. LINTAS SUMATERA NO. 111 RT/RW 003/006 BERNAH KOTA ALAM', '085279602111', NULL, '1', 196),
(197, NULL, NULL, 'ANDI', 'TALANG WARAS RT 002/003 TALANG BOJONG KOTABUMI', NULL, NULL, '1', 197),
(198, NULL, NULL, 'MISRI', 'TALANG WARAS RT 002/003 TALANG BOJONG KOTABUMI', '082374207105', NULL, '1', 198),
(199, NULL, NULL, 'HERDANI', 'JL. ABRATI GG MESJID AGUNG NO 19 RT 001/001 KOTABUMI', '081272727784', NULL, '1', 199),
(200, NULL, NULL, 'A RONI MURNI', 'JL. SUTTAN PN RAJO ASLI NO 16 RT 001/001 KOTABUMI ILIR', '082375261199', NULL, '1', 200),
(201, NULL, NULL, 'ALI DONI', 'PADASUKA RT 003/008 KOTABUMI UDIK', '082374495234', NULL, '1', 201),
(202, NULL, NULL, 'YUDA CEMPAKA', 'CEMPAKA', NULL, NULL, '1', 202),
(203, NULL, NULL, 'AHMAD YANI', 'TALANG ILIR RT/RW 001/002 DESA BOJONG BARAT KEC. KOTABUMI', NULL, NULL, '1', 203),
(204, NULL, NULL, 'SUWONDO', 'SIMPANG SENDER RANAU', NULL, NULL, '1', 204),
(205, NULL, NULL, 'AKMAL BULHARI', 'JL. DESA SRIBANDUNG RT/RW 004/004 KEL. SRIBANDUNG', NULL, NULL, '1', 205),
(206, NULL, NULL, 'JALALUDIN', 'CAGER 001/009 KOTABUMI SELATAN', NULL, NULL, '1', 206),
(207, NULL, NULL, 'RAHMAN YUSUP', 'PRIANGAN BARU NO 10 RT 002/004 TANJUNG RAJA', '085279452059', NULL, '1', 207),
(208, NULL, NULL, 'SANDI MARTIN', 'OGAN JAYA RT 001/002 OGAN JAYA ABUNG PEKURUN', NULL, NULL, '1', 208),
(209, NULL, NULL, 'SIDIK AZIS', 'JL RE MARTADINATA GG HARNAS SUKAMAJU TELUK BETUNG', '085269194945', NULL, '1', 209),
(210, NULL, NULL, 'SOPANI', 'DESA TIGA JAYA KEC. SEKINCAU KAB. LAMPUNG BARAT', '085279478682', NULL, '1', 210),
(211, NULL, NULL, 'HEROM SUDIN', 'MARGA SALUYU 1 RT 05/03 PURA LAKSANA WAY TENONG', NULL, NULL, '1', 211),
(212, NULL, NULL, 'SUDARGO', 'KARANG WARINNGIN RT 001/001 KARANG WARINGIN TANJUNG RAJA', '082211150928', NULL, '1', 212),
(213, NULL, NULL, 'IDA MARLENA', 'PRIANGAN BARU RT 001/001 PRIANGAN BARU TANJUNG BARU', NULL, NULL, '1', 213),
(214, NULL, NULL, 'JUMADI', 'DUSUN III TANJUNG BESAR MEKAKAU ILIR', '082374106844', NULL, '1', 214),
(215, NULL, NULL, 'WARUDIN', 'DUSUN 111 LEBAK BUDI TANJUNG AGUNG', NULL, NULL, '1', 215),
(216, NULL, NULL, 'PARNO', 'PRIANGAN BARU', NULL, NULL, '1', 216),
(217, NULL, NULL, 'EDI', 'OGAN JAYA', NULL, NULL, '1', 217),
(218, NULL, NULL, 'SAEFUDIN', 'JL. PRIANGAN BARU TANJUNG RAJA', NULL, NULL, '1', 218),
(219, NULL, NULL, 'IYAN', 'WAY ABUNG', NULL, NULL, '1', 219),
(220, NULL, NULL, 'WRUSTAM EFENDI', 'AGUNG RAYA RT 001/006 PURAJAYA KEBUN TEBU', '085267289993', NULL, '1', 220),
(221, NULL, NULL, 'SISMADI', 'CIPTA WANGI 1 RT 001/002 PURAWIWITAN KEBUNTEBU', '085367496630', NULL, '1', 221),
(222, NULL, NULL, 'SAIPUL', 'SIDOKAYO RT 001/001 ABUNG TINGGI LAMPUNG UTARA', NULL, NULL, '1', 222);

-- --------------------------------------------------------

--
-- Struktur dari tabel `user`
--

CREATE TABLE `user` (
  `username` varchar(10) NOT NULL,
  `password` text NOT NULL,
  `id_karyawan` int(11) DEFAULT NULL,
  `hak_akses` varchar(50) DEFAULT NULL,
  `status` char(1) DEFAULT NULL
) ENGINE=InnoDB DEFAULT CHARSET=latin1;

--
-- Dumping data untuk tabel `user`
--

INSERT INTO `user` (`username`, `password`, `id_karyawan`, `hak_akses`, `status`) VALUES
('aghany', '$2y$10$Fmb53c5iL7yEQQCgUH21aeoq7b.rFsNogcmMYOFGMlmw2W6sadyJa', 7, 'BAGIAN GUDANG', '1'),
('herrys', '$2y$10$joPwrjbNN.KZtEnjjWbX/e/PRryZMYUjcm16ucrHvyPh/CsOzjXi6', 2, 'BAGIAN ANALISA HARGA', '1'),
('indraa', '$2y$10$4El7mXcaBAs0DrJsq1alDeLKeURlGOOcO6h/I.FB5S0N4lRtV4wYO', 11, 'ADMINISTRATOR', '1'),
('jajang', '$2y$10$oEmIok67z8r/fSV5nJI.Hu1btiT1tSxk5ADbGyT7UHOqgxu4fawkG', 9, 'BAGIAN TEKNISI DAN OPERASIONAL', '1'),
('liliss', '$2y$10$yntJ1sWqsdcCp8a0K1Zr0u/xQ2Z5oVv.LFu.wF9wCF5qus6tXlDxa', 6, 'BAGIAN ADMINISTRASI DAN KEUANGAN', '1'),
('lisori', '$2y$10$NovbEZwyLg8XJIgaFqgDVOs1yXZOM/qoH3wFpGdfy6TAkUIeN/3O.', 8, 'BAGIAN KIR', '1'),
('ratnasari', '$2y$10$eLN/koyTMbpvNwp0N8JsluBe7qu0CR1WppY/UGAhcNvx3pus7XZJS', 4, 'BAGIAN ADMINISTRASI DAN KEUANGAN', '1'),
('sarifhifni', '$2y$10$4v8SU4WKmqyBmRP97lz.1uXxkxX1Y./qu6wZFgsIQcGkUqAQ7bMYO', 1, 'DIREKTUR', '1');

-- --------------------------------------------------------

--
-- Stand-in structure for view `v_buyer`
-- (Lihat di bawah untuk tampilan aktual)
--
CREATE TABLE `v_buyer` (
`id` int(11)
,`npwp` varchar(20)
,`nama` varchar(255)
,`alamat` text
,`telp` varchar(20)
,`email` varchar(50)
,`status` varchar(9)
,`foto` text
);

-- --------------------------------------------------------

--
-- Stand-in structure for view `v_harga_basis`
-- (Lihat di bawah untuk tampilan aktual)
--
CREATE TABLE `v_harga_basis` (
`id` int(11)
,`tgl` date
,`jenis` varchar(4)
,`harga_basis` double(12,2)
);

-- --------------------------------------------------------

--
-- Stand-in structure for view `v_karyawan`
-- (Lihat di bawah untuk tampilan aktual)
--
CREATE TABLE `v_karyawan` (
`id` int(11)
,`no_induk` varchar(20)
,`nik` varchar(16)
,`npwp` varchar(16)
,`nama` varchar(255)
,`tempat_lahir` varchar(255)
,`tgl_lahir` date
,`jk` varchar(9)
,`alamat` text
,`telp` varchar(20)
,`email` varchar(50)
,`foto` text
,`tgl_masuk` date
,`id_pekerjaan` int(11)
,`jabatan` varchar(50)
,`status` varchar(9)
);

-- --------------------------------------------------------

--
-- Stand-in structure for view `v_kendaraan`
-- (Lihat di bawah untuk tampilan aktual)
--
CREATE TABLE `v_kendaraan` (
`id` int(11)
,`no_polis` varchar(10)
,`id_supir` int(11)
,`supir` varchar(255)
,`pendamping` varchar(255)
,`tahun` year(4)
,`jenis` varchar(11)
,`muatan` double(8,2)
,`foto` text
,`status` varchar(14)
);

-- --------------------------------------------------------

--
-- Stand-in structure for view `v_pemesanan`
-- (Lihat di bawah untuk tampilan aktual)
--
CREATE TABLE `v_pemesanan` (
`id_pemesanan` int(11)
,`tgl` date
,`no_kontrak` varchar(50)
,`id_buyer` int(11)
,`nama_buyer` varchar(255)
,`id_produk` int(11)
,`nama_produk` varchar(50)
,`satuan_produk` enum('KG','PCS')
,`jumlah_karung` int(11)
,`ket_karung` enum('JUMLAH PASTI','PERKIRAAN')
,`kemasan` enum('KARUNG GONI','KARUNG PLASTIK')
,`jumlah` double(12,2)
,`waktu_pengiriman` date
,`batas_waktu_pengiriman` date
,`ket` text
,`lampiran` text
,`status` varchar(7)
);

-- --------------------------------------------------------

--
-- Stand-in structure for view `v_produk`
-- (Lihat di bawah untuk tampilan aktual)
--
CREATE TABLE `v_produk` (
`id` int(11)
,`kd_produk` varchar(25)
,`nama` varchar(50)
,`satuan` enum('KG','PCS')
,`ket` text
,`foto` text
,`komposisi` text
,`stok_akhir` double(12,2)
);

-- --------------------------------------------------------

--
-- Stand-in structure for view `v_supplier`
-- (Lihat di bawah untuk tampilan aktual)
--
CREATE TABLE `v_supplier` (
`id` int(11)
,`nik` varchar(16)
,`npwp` varchar(16)
,`nama` varchar(255)
,`alamat` text
,`telp` varchar(20)
,`email` varchar(50)
,`status` varchar(9)
,`id_utama` int(11)
,`nama_utama` varchar(255)
);

-- --------------------------------------------------------

--
-- Stand-in structure for view `v_user`
-- (Lihat di bawah untuk tampilan aktual)
--
CREATE TABLE `v_user` (
`username` varchar(10)
,`nama` varchar(255)
,`jabatan` varchar(50)
,`hak_akses` varchar(50)
,`status` varchar(9)
);

-- --------------------------------------------------------

--
-- Struktur untuk view `v_buyer`
--
DROP TABLE IF EXISTS `v_buyer`;

CREATE ALGORITHM=UNDEFINED DEFINER=`root`@`localhost` SQL SECURITY DEFINER VIEW `v_buyer`  AS  select `buyer`.`id` AS `id`,`buyer`.`npwp` AS `npwp`,`buyer`.`nama` AS `nama`,`buyer`.`alamat` AS `alamat`,`buyer`.`telp` AS `telp`,`buyer`.`email` AS `email`,(case when (`buyer`.`status` = '1') then 'AKTIF' else 'NON-AKTIF' end) AS `status`,`buyer`.`foto` AS `foto` from `buyer` order by `buyer`.`id` ;

-- --------------------------------------------------------

--
-- Struktur untuk view `v_harga_basis`
--
DROP TABLE IF EXISTS `v_harga_basis`;

CREATE ALGORITHM=UNDEFINED DEFINER=`root`@`localhost` SQL SECURITY DEFINER VIEW `v_harga_basis`  AS  select `harga_basis`.`id` AS `id`,`harga_basis`.`tgl` AS `tgl`,(case when (`harga_basis`.`jenis` = 'k') then 'KOPI' else 'LADA' end) AS `jenis`,`harga_basis`.`harga_basis` AS `harga_basis` from `harga_basis` order by `harga_basis`.`tgl` desc ;

-- --------------------------------------------------------

--
-- Struktur untuk view `v_karyawan`
--
DROP TABLE IF EXISTS `v_karyawan`;

CREATE ALGORITHM=UNDEFINED DEFINER=`root`@`localhost` SQL SECURITY DEFINER VIEW `v_karyawan`  AS  select `k`.`id` AS `id`,`k`.`no_induk` AS `no_induk`,`k`.`nik` AS `nik`,`k`.`npwp` AS `npwp`,`k`.`nama` AS `nama`,`k`.`tempat_lahir` AS `tempat_lahir`,`k`.`tgl_lahir` AS `tgl_lahir`,(case when (`k`.`jk` = 'L') then 'LAKI-LAKI' else 'PEREMPUAN' end) AS `jk`,`k`.`alamat` AS `alamat`,`k`.`telp` AS `telp`,`k`.`email` AS `email`,`k`.`foto` AS `foto`,`k`.`tgl_masuk` AS `tgl_masuk`,`k`.`id_pekerjaan` AS `id_pekerjaan`,`p`.`nama` AS `jabatan`,(case when (`k`.`status` = '1') then 'AKTIF' else 'NON-AKTIF' end) AS `status` from (`karyawan` `k` join `pekerjaan` `p` on((`p`.`id` = `k`.`id_pekerjaan`))) order by `k`.`no_induk`,`k`.`id_pekerjaan`,(case when (`k`.`status` = '1') then 'AKTIF' else 'NON-AKTIF' end) ;

-- --------------------------------------------------------

--
-- Struktur untuk view `v_kendaraan`
--
DROP TABLE IF EXISTS `v_kendaraan`;

CREATE ALGORITHM=UNDEFINED DEFINER=`root`@`localhost` SQL SECURITY DEFINER VIEW `v_kendaraan`  AS  select `k`.`id` AS `id`,`k`.`no_polis` AS `no_polis`,`k`.`id_supir` AS `id_supir`,`kry`.`nama` AS `supir`,`k`.`pendamping` AS `pendamping`,`k`.`tahun` AS `tahun`,(case when (`k`.`jenis` = 'C') then 'COLT DIESEL' else 'FUSSO' end) AS `jenis`,`k`.`muatan` AS `muatan`,`k`.`foto` AS `foto`,(case when (`k`.`status` = '1') then 'TERSEDIA' else 'TIDAK TERSEDIA' end) AS `status` from (`kendaraan` `k` join `karyawan` `kry` on((`kry`.`id` = `k`.`id_supir`))) order by `k`.`id`,(case when (`k`.`status` = '1') then 'TERSEDIA' else 'TIDAK TERSEDIA' end) ;

-- --------------------------------------------------------

--
-- Struktur untuk view `v_pemesanan`
--
DROP TABLE IF EXISTS `v_pemesanan`;

CREATE ALGORITHM=UNDEFINED DEFINER=`root`@`localhost` SQL SECURITY DEFINER VIEW `v_pemesanan`  AS  select `p`.`id` AS `id_pemesanan`,`p`.`tgl` AS `tgl`,`p`.`no_kontrak` AS `no_kontrak`,`p`.`id_buyer` AS `id_buyer`,`b`.`nama` AS `nama_buyer`,`p`.`id_produk` AS `id_produk`,`pr`.`nama` AS `nama_produk`,`pr`.`satuan` AS `satuan_produk`,`p`.`jumlah_karung` AS `jumlah_karung`,`p`.`ket_karung` AS `ket_karung`,`p`.`kemasan` AS `kemasan`,`p`.`jumlah` AS `jumlah`,`p`.`waktu_pengiriman` AS `waktu_pengiriman`,`p`.`batas_waktu_pengiriman` AS `batas_waktu_pengiriman`,`p`.`ket` AS `ket`,`p`.`lampiran` AS `lampiran`,(case when (`p`.`status` = 'S') then 'SUKSES' when (`p`.`status` = 'P') then 'PENDING' else 'REJECT' end) AS `status` from ((`pemesanan` `p` join `buyer` `b` on((`b`.`id` = `p`.`id_buyer`))) join `produk` `pr` on((`pr`.`id` = `p`.`id_produk`))) order by `p`.`tgl` desc ;

-- --------------------------------------------------------

--
-- Struktur untuk view `v_produk`
--
DROP TABLE IF EXISTS `v_produk`;

CREATE ALGORITHM=UNDEFINED DEFINER=`root`@`localhost` SQL SECURITY DEFINER VIEW `v_produk`  AS  select `p`.`id` AS `id`,`p`.`kd_produk` AS `kd_produk`,`p`.`nama` AS `nama`,`p`.`satuan` AS `satuan`,`p`.`ket` AS `ket`,`p`.`foto` AS `foto`,group_concat(concat_ws(' - ',`b`.`kd_bahan_baku`,`b`.`nama`) separator ',') AS `komposisi`,`p`.`stok_akhir` AS `stok_akhir` from ((`produk` `p` join `komposisi` `k` on((`k`.`id_produk` = `p`.`id`))) join `bahan_baku` `b` on((`b`.`id` = `k`.`id_bahan_baku`))) group by `p`.`id` order by `p`.`id` ;

-- --------------------------------------------------------

--
-- Struktur untuk view `v_supplier`
--
DROP TABLE IF EXISTS `v_supplier`;

CREATE ALGORITHM=UNDEFINED DEFINER=`root`@`localhost` SQL SECURITY DEFINER VIEW `v_supplier`  AS  select `s`.`id` AS `id`,`s`.`nik` AS `nik`,`s`.`npwp` AS `npwp`,`s`.`nama` AS `nama`,`s`.`alamat` AS `alamat`,`s`.`telp` AS `telp`,`s`.`email` AS `email`,(case when (`s`.`status` = '1') then 'UTAMA' else 'PENGGANTI' end) AS `status`,`s2`.`id` AS `id_utama`,`s2`.`nama` AS `nama_utama` from (`supplier` `s` join `supplier` `s2` on((`s2`.`id` = `s`.`supplier_utama`))) order by (case when (`s`.`status` = '1') then 'UTAMA' else 'PENGGANTI' end) desc,`s`.`id` ;

-- --------------------------------------------------------

--
-- Struktur untuk view `v_user`
--
DROP TABLE IF EXISTS `v_user`;

CREATE ALGORITHM=UNDEFINED DEFINER=`root`@`localhost` SQL SECURITY DEFINER VIEW `v_user`  AS  select `u`.`username` AS `username`,`k`.`nama` AS `nama`,`p`.`nama` AS `jabatan`,`u`.`hak_akses` AS `hak_akses`,(case when (`u`.`status` = '1') then 'AKTIF' else 'NON-AKTIF' end) AS `status` from ((`user` `u` join `karyawan` `k` on((`k`.`id` = `u`.`id_karyawan`))) join `pekerjaan` `p` on((`p`.`id` = `k`.`id_pekerjaan`))) order by `u`.`id_karyawan` ;

--
-- Indexes for dumped tables
--

--
-- Indexes for table `bahan_baku`
--
ALTER TABLE `bahan_baku`
  ADD PRIMARY KEY (`id`);

--
-- Indexes for table `buyer`
--
ALTER TABLE `buyer`
  ADD PRIMARY KEY (`id`);

--
-- Indexes for table `harga_basis`
--
ALTER TABLE `harga_basis`
  ADD PRIMARY KEY (`id`);

--
-- Indexes for table `karyawan`
--
ALTER TABLE `karyawan`
  ADD PRIMARY KEY (`id`),
  ADD KEY `fk_karyawan_id_pekerjaan` (`id_pekerjaan`);

--
-- Indexes for table `kendaraan`
--
ALTER TABLE `kendaraan`
  ADD PRIMARY KEY (`id`),
  ADD KEY `fk_kendaraan_id_supir` (`id_supir`);

--
-- Indexes for table `komposisi`
--
ALTER TABLE `komposisi`
  ADD PRIMARY KEY (`id`),
  ADD KEY `fk_komposisi_id_produk` (`id_produk`),
  ADD KEY `fk_komposisi_id_bahan_baku` (`id_bahan_baku`);

--
-- Indexes for table `mutasi_bahan_baku`
--
ALTER TABLE `mutasi_bahan_baku`
  ADD PRIMARY KEY (`id`),
  ADD KEY `fk_mutasi_bahan_baku_id_bahan_baku` (`id_bahan_baku`);

--
-- Indexes for table `mutasi_produk`
--
ALTER TABLE `mutasi_produk`
  ADD PRIMARY KEY (`id`),
  ADD KEY `fk_mutasi_produk_id_produk` (`id_produk`);

--
-- Indexes for table `pekerjaan`
--
ALTER TABLE `pekerjaan`
  ADD PRIMARY KEY (`id`);

--
-- Indexes for table `pemesanan`
--
ALTER TABLE `pemesanan`
  ADD PRIMARY KEY (`id`),
  ADD KEY `fk_pemesanan_id_buyer` (`id_buyer`),
  ADD KEY `fk_pemesanan_id_produk` (`id_produk`);

--
-- Indexes for table `perencanaan_bahan_baku`
--
ALTER TABLE `perencanaan_bahan_baku`
  ADD PRIMARY KEY (`id`),
  ADD KEY `fk_perencanaan_bahan_baku_id_produk` (`id_produk`);

--
-- Indexes for table `produk`
--
ALTER TABLE `produk`
  ADD PRIMARY KEY (`id`);

--
-- Indexes for table `supplier`
--
ALTER TABLE `supplier`
  ADD PRIMARY KEY (`id`);

--
-- Indexes for table `user`
--
ALTER TABLE `user`
  ADD PRIMARY KEY (`username`),
  ADD KEY `fk_user_id_karyawan` (`id_karyawan`);

--
-- AUTO_INCREMENT for dumped tables
--

--
-- AUTO_INCREMENT for table `bahan_baku`
--
ALTER TABLE `bahan_baku`
  MODIFY `id` int(11) NOT NULL AUTO_INCREMENT, AUTO_INCREMENT=5;
--
-- AUTO_INCREMENT for table `buyer`
--
ALTER TABLE `buyer`
  MODIFY `id` int(11) NOT NULL AUTO_INCREMENT, AUTO_INCREMENT=11;
--
-- AUTO_INCREMENT for table `harga_basis`
--
ALTER TABLE `harga_basis`
  MODIFY `id` int(11) NOT NULL AUTO_INCREMENT;
--
-- AUTO_INCREMENT for table `karyawan`
--
ALTER TABLE `karyawan`
  MODIFY `id` int(11) NOT NULL AUTO_INCREMENT, AUTO_INCREMENT=32;
--
-- AUTO_INCREMENT for table `kendaraan`
--
ALTER TABLE `kendaraan`
  MODIFY `id` int(11) NOT NULL AUTO_INCREMENT, AUTO_INCREMENT=15;
--
-- AUTO_INCREMENT for table `komposisi`
--
ALTER TABLE `komposisi`
  MODIFY `id` int(11) NOT NULL AUTO_INCREMENT, AUTO_INCREMENT=9;
--
-- AUTO_INCREMENT for table `mutasi_bahan_baku`
--
ALTER TABLE `mutasi_bahan_baku`
  MODIFY `id` int(11) NOT NULL AUTO_INCREMENT, AUTO_INCREMENT=5;
--
-- AUTO_INCREMENT for table `mutasi_produk`
--
ALTER TABLE `mutasi_produk`
  MODIFY `id` int(11) NOT NULL AUTO_INCREMENT, AUTO_INCREMENT=9;
--
-- AUTO_INCREMENT for table `pekerjaan`
--
ALTER TABLE `pekerjaan`
  MODIFY `id` int(11) NOT NULL AUTO_INCREMENT, AUTO_INCREMENT=18;
--
-- AUTO_INCREMENT for table `pemesanan`
--
ALTER TABLE `pemesanan`
  MODIFY `id` int(11) NOT NULL AUTO_INCREMENT, AUTO_INCREMENT=37;
--
-- AUTO_INCREMENT for table `perencanaan_bahan_baku`
--
ALTER TABLE `perencanaan_bahan_baku`
  MODIFY `id` int(11) NOT NULL AUTO_INCREMENT;
--
-- AUTO_INCREMENT for table `produk`
--
ALTER TABLE `produk`
  MODIFY `id` int(11) NOT NULL AUTO_INCREMENT, AUTO_INCREMENT=9;
--
-- AUTO_INCREMENT for table `supplier`
--
ALTER TABLE `supplier`
  MODIFY `id` int(11) NOT NULL AUTO_INCREMENT, AUTO_INCREMENT=223;
--
-- Ketidakleluasaan untuk tabel pelimpahan (Dumped Tables)
--

--
-- Ketidakleluasaan untuk tabel `karyawan`
--
ALTER TABLE `karyawan`
  ADD CONSTRAINT `fk_karyawan_id_pekerjaan` FOREIGN KEY (`id_pekerjaan`) REFERENCES `pekerjaan` (`id`) ON UPDATE CASCADE;

--
-- Ketidakleluasaan untuk tabel `kendaraan`
--
ALTER TABLE `kendaraan`
  ADD CONSTRAINT `fk_kendaraan_id_supir` FOREIGN KEY (`id_supir`) REFERENCES `karyawan` (`id`) ON UPDATE CASCADE;

--
-- Ketidakleluasaan untuk tabel `komposisi`
--
ALTER TABLE `komposisi`
  ADD CONSTRAINT `fk_komposisi_id_bahan_baku` FOREIGN KEY (`id_bahan_baku`) REFERENCES `bahan_baku` (`id`) ON UPDATE CASCADE,
  ADD CONSTRAINT `fk_komposisi_id_produk` FOREIGN KEY (`id_produk`) REFERENCES `produk` (`id`) ON UPDATE CASCADE;

--
-- Ketidakleluasaan untuk tabel `mutasi_bahan_baku`
--
ALTER TABLE `mutasi_bahan_baku`
  ADD CONSTRAINT `fk_mutasi_bahan_baku_id_bahan_baku` FOREIGN KEY (`id_bahan_baku`) REFERENCES `bahan_baku` (`id`) ON UPDATE CASCADE;

--
-- Ketidakleluasaan untuk tabel `mutasi_produk`
--
ALTER TABLE `mutasi_produk`
  ADD CONSTRAINT `fk_mutasi_produk_id_produk` FOREIGN KEY (`id_produk`) REFERENCES `produk` (`id`) ON UPDATE CASCADE;

--
-- Ketidakleluasaan untuk tabel `pemesanan`
--
ALTER TABLE `pemesanan`
  ADD CONSTRAINT `fk_pemesanan_id_buyer` FOREIGN KEY (`id_buyer`) REFERENCES `buyer` (`id`) ON UPDATE CASCADE,
  ADD CONSTRAINT `fk_pemesanan_id_produk` FOREIGN KEY (`id_produk`) REFERENCES `produk` (`id`) ON UPDATE CASCADE;

--
-- Ketidakleluasaan untuk tabel `perencanaan_bahan_baku`
--
ALTER TABLE `perencanaan_bahan_baku`
  ADD CONSTRAINT `fk_perencanaan_bahan_baku_id_produk` FOREIGN KEY (`id_produk`) REFERENCES `produk` (`id`) ON UPDATE CASCADE;

--
-- Ketidakleluasaan untuk tabel `user`
--
ALTER TABLE `user`
  ADD CONSTRAINT `fk_user_id_karyawan` FOREIGN KEY (`id_karyawan`) REFERENCES `karyawan` (`id`) ON UPDATE CASCADE;

/*!40101 SET CHARACTER_SET_CLIENT=@OLD_CHARACTER_SET_CLIENT */;
/*!40101 SET CHARACTER_SET_RESULTS=@OLD_CHARACTER_SET_RESULTS */;
/*!40101 SET COLLATION_CONNECTION=@OLD_COLLATION_CONNECTION */;
