# Data Pekerjaan #
	INSERT INTO `pekerjaan` (`id`, `nama`, `ket`) VALUES
		(1, 'DIREKTUR UTAMA', NULL),
		(2, 'WAKIL DIREKTUR', NULL),
		(3, 'MANAGER ADMINISTRASI DAN KEUANGAN', NULL),
		(4, 'KEPALA GUDANG', NULL),
		(5, 'MANAGER TEKNISI DAN OPERASIONAL', NULL),
		(6, 'MANAGER PENELITIAN KIR', NULL),
		(7, 'STAFF ACOUNTING', NULL),
		(8, 'STAFF IT', NULL),
		(9, 'BAGIAN TRANSPORTASI DAN PEMBANTU UMUM', NULL),
		(10, 'STAFF TIMBANGAN', NULL),
		(11, 'STAFF COLOKAN SAMPLE', NULL),
		(12, 'PENGURUS DAN PENGAWAS KEBUN', NULL),
		(13, 'STAFF OVEN', NULL),
		(14, 'STAFF KIR', NULL),
		(15, 'OFFICE BOY', NULL),
		(16, 'SATPAM', NULL),
		(17, 'SUPIR', NULL);
# ======================================= #

# Data Karyawan #
	INSERT INTO `karyawan` (`id`, `no_induk`, `nik`, `npwp`, `nama`, `tempat_lahir`, `tgl_lahir`, `jk`, `alamat`, `telp`, `email`, `foto`, `tgl_masuk`, `id_pekerjaan`, `status`) VALUES
		(1, '1000000001', NULL, NULL, 'SYARIFUDIN HIFNI', 'BATURAJA', NULL, 'L', 
			NULL, NULL, NULL, NULL, NULL, 1, '1'),
		(2, '1000000002', '3273240102840006', NULL, 'MUHAMMAD HERRY SYARIFUDIN', 'KOTABUMI', '1984-02-01', 'L', 
			'JL. PENITIS NO. 464 B. RT/RW 005/005', NULL, NULL, NULL, NULL, 2, '1'),
		(3, '1000000003', '1803102108660003', NULL, 'AMSON FHARDIAZ', 'BENGKULU', '1966-08-21', 'L', 
			'JL. RADEN INTAN NO. 87. RT/RW 001/001', NULL, NULL, NULL, NULL, 2, '1'),
		(4, '1000000004', '1803104405850008', NULL, 'RATNA SARI', 'KOTABUMI', '1985-05-04', 'P', 
			'JL. RADEN INTAN NO. 90 RT/RW 001/001', NULL, NULL, NULL, NULL, 2, '1'),
		(5, '1000000006', '1803105407880005', NULL, 'KARTIKA SARI', 'KOTABUMI', '1988-07-14', 'P', 
			'JL. ST RT GADING MARGA GG. H. HASSANUL AINI NO. 53', NULL, NULL, NULL, NULL, 2, '1'),
		(6, '2000000001', '1803105004740008', NULL, 'LILIS', 'PERIANGAN BARU', '1974-04-10', 'P', 
			'JL. RADEN INTAN GG. SINGGAH MATA II NO. 05', NULL, NULL, NULL, NULL, 3, '1'),
		(7, '3000000001', '1803100404830008', NULL, 'AHMAD A. GHANY SG', NULL, NULL, 'L', 
			'JL. RADEN INTAN NO. 148 RT/RW 003/006', NULL, NULL, NULL, NULL, 4, '1'),
		(8, '4000000001', '1803101807770002', NULL, 'AHMAD LISORI', 'BATURAJA', '1977-06-18', 'L', 
			'JL. LINTAS SUMATRA NO. 139 A, BERNAH', NULL, NULL, NULL, NULL, 6, '1'),
		(9, '5000000001', '1803103005750003', NULL, 'JAJANG SUTISNA', 'BANTEN', '1975-05-30', 'L', 
			'JL. LINTAS SUMATRA RT/RW 004/005. BERNAH', NULL, NULL, NULL, NULL, 5, '1'),
		(10, '2000000002', '1803105210860004', NULL, 'LENI MARLINA', 'KOTABUMI', '1986-10-12', 'P', 
			'JL. RADEN INTAN GG. SINGGAH MATA 1 NO. 18 A', NULL, NULL, NULL, NULL, 7, '1'),
		(11, '2000000003', '1803101407890002', NULL, 'INDRA KUSUMA', 'NEGARA TULANG BAWANG', '1989-07-14', 'L', 
			'LK III MARGOMULYO RT/RW 002/003', NULL, NULL, NULL, NULL, 8, '1'),
		(12, '2000000004', '1803190808650001', NULL, 'KARIMAN HADI', 'MUARA DUA', '1965-08-08', 'L', 
			'MUARA DUA, 08 AGUSTUS 1965', NULL, NULL, NULL, NULL, 9, '1'),
		(13, '3000000002', '1803105708890004', NULL, 'GIRA VENILIA', 'KOTABUMI', '1989-08-17', 'P', 
			'JL. RADEN INTAN NO. 60 B RT/RW 001/001', NULL, NULL, NULL, NULL, 10, '1'),
		(14, '3000000003', '1803046612940001', NULL, 'YENI MAWARNI', 'KOTABUMI', '1994-12-26', 'P', 
			'JL. GOTONG ROYONG GG. RAFLESIA NO. 211 A', NULL, NULL, NULL, NULL, 10, '1'),
		(15, '3000000004', '1803102608890001', NULL, 'CANDRA', 'KOTABUMI', '1989-08-26', 'L', 
			'JL. GOTONG ROYONG GG. RAFLESIA NO. 211 A', NULL, NULL, NULL, NULL, 11, '1'),
		(16, '4000000002', '1803100102840007', NULL, 'SYAHRIL', 'SAKAL', '1984-02-01', 'L', 
			'BERNAH, RT/RW 004/005', NULL, NULL, NULL, NULL, 14, '1'),
		(17, '5000000002', '1803100505850014', NULL, 'ERWAN', 'PERIANGAN BARU', '1985-05-05', 'L', 
			'BERNAH, RT/RW 004/006', NULL, NULL, NULL, NULL, 13, '1'),
		(18, '8000000001', NULL, NULL, 'H. ALEK', NULL, NULL, 'L', 
			NULL, NULL, NULL, NULL, NULL, 17, '1'),
		(19, '8000000002', NULL, NULL, 'MUHAMAD RIFA\'I', NULL, NULL, 'L', 
			NULL, NULL, NULL, NULL, NULL, 17, '1'),
		(20, '8000000003', NULL, NULL, 'YATNO', NULL, NULL, 'L', 
			NULL, NULL, NULL, NULL, NULL, 17, '1'),
		(21, '8000000004', NULL, NULL, 'SAYUTI', NULL, NULL, 'L', 
			NULL, NULL, NULL, NULL, NULL, 17, '1'),
		(22, '8000000005', NULL, NULL, 'ISKANDAR', NULL, NULL, 'L', 
			NULL, NULL, NULL, NULL, NULL, 17, '1'),
		(23, '8000000006', NULL, NULL, 'RIDHO', NULL, NULL, 'L', 
			NULL, NULL, NULL, NULL, NULL, 17, '1'),
		(24, '8000000007', NULL, NULL, 'HAIKAL', NULL, NULL, 'L', 
			NULL, NULL, NULL, NULL, NULL, 17, '1'),
		(25, '8000000008', NULL, NULL, 'WAWAN', NULL, NULL, 'L', 
			NULL, NULL, NULL, NULL, NULL, 17, '1'),
		(26, '8000000009', NULL, NULL, 'DADANG', NULL, NULL, 'L', 
			NULL, NULL, NULL, NULL, NULL, 17, '1'),
		(27, '8000000010', NULL, NULL, 'ANGGA', NULL, NULL, 'L', 
			NULL, NULL, NULL, NULL, NULL, 17, '1'),
		(28, '8000000011', NULL, NULL, 'IWAN', NULL, NULL, 'L', 
			NULL, NULL, NULL, NULL, NULL, 17, '1'),
		(29, '8000000012', NULL, NULL, 'SUPRI', NULL, NULL, 'L', 
			NULL, NULL, NULL, NULL, NULL, 17, '1'),
		(30, '8000000013', NULL, NULL, 'ADIT', NULL, NULL, 'L', 
			NULL, NULL, NULL, NULL, NULL, 17, '1'),
		(31, '8000000014', NULL, NULL, 'DARMAWAN', NULL, NULL, 'L', 
			NULL, NULL, NULL, NULL, NULL, 17, '1');
# ======================================= #

# Data Supplier #
	CALL tambah_supplier
		(NULL, '819774985326000', 'EKO PAJAR DIANTO', 'TIGA SERANGKAI RT 010/005 OGAN CAMPANG ABUNG PEKURUN', 
		'081379405914', NULL, '1', 1);

	CALL tambah_supplier
		(NULL, '461003279326000', 'RAHMAN ADI CANDRA', 'TANJUNG BARU RT 002/005 TANJUNG BARU BUKIT KEMUNING', 
		'081313739222', NULL, '1', 2);

	CALL tambah_supplier
		(NULL, '730522612302000', 'PIRMANSYAH', 'PEDATARAN ULU OGAN DUSUN 01 RT 01/01', 
		'085267672627', NULL, '1', 3);

	CALL tambah_supplier
		(NULL, '7166761796302000', 'HELWANA', 'PEDATARAN ULU OGAN DUSUN 01 RT 01/01', 
		'085267676227', NULL, '1', 4);

	CALL tambah_supplier
		(NULL, '739552230326000', 'SAMSUL', 'BATU KODOK SUKA MULYO RT 010/004 TANJUNG RAJA', 
		'082178825528', NULL, '1', 5);
		
		CALL tambah_supplier
		(NULL, '163710072326000', 'ERWIN', 'CAMPANG DELAPAN RT 001/001 CAMPANG LAPAN BANJIT', 
		'081369255838', NULL, '1', 6);

	CALL tambah_supplier
		(NULL, '544568470326000', 'MUHAMMAD SAAD', 'PEMANGKU 02 SUKANANTI WAY TENONG', 
		'081369215546', NULL, '1', 7);
		
	CALL tambah_supplier
		(NULL, '698866241326000', 'SURIYATI', 'PEMANGKU 02 SUKANANTI WAYTENONG', 
		'081369215546', NULL, '1', 8);	
		
	CALL tambah_supplier
		(NULL, '818542110326000', 'MERI YANTI', 'JL. LINTAS LIWA PURA LAKSANA RT 005/003 PURALAKSANA WAY TENONG', 
		'081279950914', NULL, '1', 9);
		
	CALL tambah_supplier
		(NULL, NULL, 'SIKAMAN', 'JL. LINTAS LIWA PURA LAKSANA RT 005/003 PURA LAKSANA WAY TENONG', 
		'081279950914', NULL, '1', 10);
		
	CALL tambah_supplier
		(NULL, '642948038326000', 'SAIDI ANWAR', 'SIDO KAYO RT 002/002 ABUNG TINGGI LAMPUNG UTARA', 
		'082183483335', NULL, '1', 11);
		
	CALL tambah_supplier
		(NULL, '819438110302000', 'KHAIRUL FUADI', 'DUSUN 1 PEDATARAN ULU OGAN', 
		'081271129377', NULL, '1', 12);
		
	CALL tambah_supplier
		(NULL, '084888205321000', 'MARKIS', 'GIHAM SUKAMAJU RT 001/001 SEKINCAU', 
		'081539930559', NULL, '1', 13);

	CALL tambah_supplier
		(NULL, '1464685743260000', 'RUSMAN', 'JL. PASAR BUNGIN RT 001/006 PURA MEKAR GEDUNG SURIAN', 
		'0811795544', NULL, '1', 14);
		
	CALL tambah_supplier
		(NULL, '778500819326000', 'SUWANTI NINGSIIH', 'JL. PASAR BUNGIN RT 001/006 PURA MEKAR GEDUNG SURIAN', 
		'0811795544', NULL, '1', 15);
		
	CALL tambah_supplier
		(NULL, '495186249905000', 'ENI SUPARTINI', 'PERUM PURI KAMPIAL BLOK C NO. 77 BENOA BADUNG', 
		'0811795544', NULL, '1', 16);
		
	CALL tambah_supplier
		(NULL, '084887587321000', 'NEDI', 'CIPTALAGA RT 010/004 CIPTA WARAS GEDUNG SURIAN', 
		'0811795544', NULL, '1', 17);
		
	CALL tambah_supplier
		(NULL, '153758743326000', 'RIDWAN', 'DESA SUBIK RT. 002/001 SUBIK ABUNG TENGAH', 
		'082374883804', NULL, '1', 18);
		
	CALL tambah_supplier
		(NULL, '156451551326000', 'MUHAMAD SEMAR', 'SUMBER ALAM KEC. AIR HITUAM LAMMPUNG', 
		'085789737967', NULL, '1', 19);
		
	CALL tambah_supplier
		(NULL, '667503452326000', 'H WARSONO', 'MUARA JAYA 2 KEC. KEBUN TEBU PEMANGKU MUARA JAYA', 
		'085269250729', NULL, '1', 20);
		
	CALL tambah_supplier
		(NULL, '541741716326000', 'SUWANDI WARSONO', 'MUARA JAYA 2 KEC. KEBUN TEBU PEMANGKU MUARA JAYA', 
		NULL, NULL, '1', 21);
		
	CALL tambah_supplier
		(NULL, '755021086326000', 'DESI NUR WANTO', 'MUARA JAYA 2 KEC. KEBUN TEBU PEMANGKU MUARA JAYA', 
		'085269250792', NULL, '1', 22);
		
	CALL tambah_supplier
		(NULL, '150365682326000', 'SIRAJUDIN', 'DUDUN CAMPUR SARI 1 ARGOMULYO BANJIT', 
		'082375253446', NULL, '1', 23);
		
	CALL tambah_supplier
		(NULL, '761711704302000', 'E. NENGGOLAN', 'GUNUNG RAYA WARKUK RANAU SELATAN', 
		'082182159036', NULL, '1', 24);
		
	CALL tambah_supplier
		(NULL, '794119750329000', 'HAIDAR HASNI', 'JL. RADEN INTAN NO. 5 WAY MENGAKU BALIK BUKIN LAMBAR', 
		'081272070462', NULL, '1', 25);
		
	CALL tambah_supplier
		(NULL, '711631960327000', 'HJ. FITRI HAYANI', 'KAMPUNG MUARA AMAN DESA KAMPUNG MUARA AMAN LEBONG UTARA', 
		NULL, NULL, '1', 26);
		
	CALL tambah_supplier
		(NULL, '758517395327000', 'PIPIET IRIANTO', 'KAMPUNG MUARA AMAN DESA KAMPUNG MUARA AMAN LEBONG UTARA', 
		NULL, NULL, '1', 27);
		
	CALL tambah_supplier
		(NULL, '710597782326000', 'KOMARUDIN', 'DESA SUKAMMULYA RT 002/002 TANJUNG RAYA', 
		'082282736519', NULL, '1', 28);
		
	CALL tambah_supplier
		(NULL, '554647628326000', 'IHROM', 'AGUNG RAYA RT 001/006 PURAJAYA KEBUN TEBU', 
		'085269503561', NULL, '1', 29);
		
	CALL tambah_supplier
		(NULL, NULL, 'AHMAD EFENDI', 'SINAR SARI RT 006/0003 OGAN CAMPANG ABUNG PEKURUN', 
		'085658906079', NULL, '1', 30);
		
	CALL tambah_supplier
		(NULL, '155454564326000', 'LISUS GANI', 'DUSUN 01 DESA SEKIPI RT 001/001 ABUNG TINGGI', 
		'082183113888', NULL, '1', 31);
		
	CALL tambah_supplier
		(NULL, '714187226326000', 'ACENG', 'BATU KEBAYAN KEC. BELALAU LAMPUNG BARAT', 
		'082371846718', NULL, '1', 32);
		
	CALL tambah_supplier
		(NULL, '812543726326000', 'AHMAD SARKONI', 'SUBIK RT 002/002 SUBIK ABUNG TENGAH', 
		'081279554719', NULL, '1', 33);
		
	CALL tambah_supplier
		(NULL, '084479070302000', 'GUSRI AMULI', 'JL. HORO SENANG KOMPLEK BARURAJA PERMAI BLOK 0 NO. 22 BTA', 
		'085267646500', NULL, '1', 34);
		
	CALL tambah_supplier
		(NULL, '710091992326000', 'HAYATUL', 'JL. SUMBER JAYA KEL. DWI KORA BUKIT KEMUNING', 
		'081379330005', NULL, '1', 35);
		
	CALL tambah_supplier
		(NULL, '823025424326000', 'APRIL SENIADI', 'DESA DWIKORA RT 003/005 DWIKORA BUKIT KEMUNING', 
		NULL, NULL, '1', 36);
		
	CALL tambah_supplier
		(NULL, '824737068326000', 'SULTAN KURNAIN', 'DESA DWIKORA RT 003/005 DWIKORA BUKIT KEMUNING', 
		NULL, NULL, '1', 37);
		
	CALL tambah_supplier
		(NULL, NULL, 'LISNAWATI', 'DESA DWIKORA RT 003/005 DWIKORA BUKIT KEMUNING', 
		NULL, NULL, '1', 38);
		
	CALL tambah_supplier
		(NULL, NULL, 'CECEP HAMBALI', 'LINGKUNGAN III RT 001/001', 
		'081379330005', NULL, '1', 39);
		
	CALL tambah_supplier
		(NULL, '724734553327000', 'ARLAN', 'JL. LINTAS KAPAHIYANG KEL. TEBAT MONOK BENGKULU', 
		'081373181906', NULL, '1', 40);
		
	CALL tambah_supplier
		(NULL, '459448882326000', 'LINA ARDIANA', 'MEKAR JAYA RT 005/003 KEL. SUMBER ALAM AIR HITAM LAMBAR', 
		'085609222040', NULL, '1', 41);
		
	CALL tambah_supplier
		(NULL, '802313759326000', 'NADA ELWAN', 'KALI PASIR OGAN JAYA RT 001/001 OGAN JAYA PEKURUN', 
		'085766651622', NULL, '1', 42);
		
	CALL tambah_supplier
		(NULL, '819747692326000', 'SOLEHUDIN GOJALI', 'KARANG SUTRA RT 011/004 SUKASARI TANJUNG RAJA', 
		'085379891038', NULL, '1', 43);
		
	CALL tambah_supplier
		(NULL, ' 722278488326000', 'HUSAIN', 'SUMBER ALAM RT 005/004 DESA SUMBER ALAM KEC. AIR HITAM', 
		'081540832156', NULL, '1', 44);
		
	CALL tambah_supplier
		(NULL, '541740726326000', 'IYA MAHYUDIN', 'DESA MEKAR JAYA KEC. GEDUNG SURIAN RT 002/002 LAMPUNG BARAT', 
		'0855269403287', NULL, '1', 45);
		
	CALL tambah_supplier
		(NULL, '747581486326000', 'PONIMAN', 'SUKA UTAMA 1 RT 001/001 SUKA JAYA SUMBER JAYA LAMBAR', 
		NULL, NULL, '1', 46);
		
	CALL tambah_supplier
		(NULL, '820738177326000', 'JONSON', 'TULUNG BALAK RT 002/002 TULUNG BALAK TANJUNG RAJA', 
		'085380281122', NULL, '1', 47);
		
	CALL tambah_supplier
		(NULL, '821297231326000', 'ISKANDAR', 'SINDANG MARGA RT 003/003 TANJUNG RAJA', 
		NULL, NULL, '1', 48);
		
	CALL tambah_supplier
		(NULL, NULL, 'NANA WAWAN', 'MUARA DUA', 
		NULL, NULL, '1', 49);
		
	CALL tambah_supplier
		(NULL, '168231678302000', 'M. JAILANI', 'KIWIS RAYA WARKUK RANAU SELATAN OKU SELATAN', 
		'085210658083', NULL, '1', 50);
		
	CALL tambah_supplier
		(NULL, '820749018302000', 'IMYURID', 'DUSUN 1 BERINGIN MUARA JAYA OGAN KEMERING ULU SUMSEL', 
		NULL, NULL, '1', 51);
		
	CALL tambah_supplier
		(NULL, '822107900326000', 'IRWANSYAH', 'CIPTA SARI RT 001/003 KEL. TUGU MULYA KEC. KEBUN TEBU', 
		'0853681000986', NULL, '1', 52);
		
	CALL tambah_supplier
		(NULL, '168612091326000', 'TABRANI', 'DESA PULAU PANGGUNG RT 004/004 ABUNG TINGGI LAMMPUNG UTARA', 
		'081369010420', NULL, '1', 53);
		
	CALL tambah_supplier
		(NULL, '803993385326000', 'SEPRIYADI', 'TALANG BARU RT 002/002 TALANG BOJONG KOTABUMI', 
		'085279285253', NULL, '1', 54);
		
	CALL tambah_supplier
		(NULL, '767839392326000', 'A RONI MURNI', 'JL. SUTTAN PN RAJO ASLI NO. 16 RT 001/001 KOTABUMI ILIR', 
		'082375261199', NULL, '1', 55);
		
	CALL tambah_supplier
		(NULL, '769371881326000', 'UNTUNG S', 'POKTAN SRI REJEKI SUKAPURA SUMBER JAYA', 
		NULL, NULL, '1', 56);
		
	CALL tambah_supplier
		(NULL, '457595494326000', 'NOVI HERMANSYAH', 'DURENAN RT 001/004 KEL. MUARA JAYA 1 KEC. TEBU', 
		'081379352812', NULL, '1', 57);
		
	CALL tambah_supplier
		(NULL, '808777080326000', 'GUSLAL HADIANTO', 'AGUNG RAYA RT 001/006 PURA JAYA KEBUN TEBU', 
		'081379352812', NULL, '1', 58);
		
	CALL tambah_supplier
		(NULL, '722356185326000', 'JUMAIRI BABAS', 'PEMANGKU 1 RT 001/001 WAY PETAI SUMBER JAYA', 
		NULL, NULL, '1', 59);
		
	CALL tambah_supplier
		(NULL, '1803110510770003', 'SAPARUDIN', 'DESA SUBIK RT 002/001 SUBIK ABUNG TENGAH', 
		'085268856006', NULL, '1', 60);
		
	CALL tambah_supplier
		(NULL, '820738177326000', 'JONSON', 'TULUNG BALAK RT 002/002 TULUNG BALAK TANJUNG RAJA', 
		'085380281122', NULL, '1', 61);
		
	CALL tambah_supplier
		(NULL, '142318807327000', 'RONA HADI', 'DUSUN BARUMANIS KEC. BARUMANIS ULU LEBONG', 
		NULL, NULL, '1', 62);
		
	CALL tambah_supplier
		(NULL, '803993385326000', 'SEPRIYADI', 'TALANG BARU RT 002/002 TALANG BOJONG KOTABUMI', 
		'085279285253', NULL, '1', 63);
		
	CALL tambah_supplier
		(NULL, '820811446302000', 'SAHRIL ALI', 'JL. BUMI KAWA DUSUN II KEC. LENGKITI OGAN KOMERING ULU', 
		'008237862684', NULL, '1', 64);
		
	CALL tambah_supplier
		(NULL, '169731577326000', 'H HAMZAH TURAYA', 'BANGI SRI AGUNG RT 01/07 ABUNG KUNANG LAMPUNG UTARA', 
		NULL, NULL, '1', 65);
		
	CALL tambah_supplier
		(NULL, '725873178326000', 'SARDI', 'SIDOKAYO RT 001/001 KEL. SIDOKAYO ABUNG TINGGI LAMPUNG UTARA', 
		'081272300092', NULL, '1', 66);
		
	CALL tambah_supplier
		(NULL, '762225266313000', 'TAMRI', 'DESA TANAH ABANG SEMENDE DARAT LAUT', 
		NULL, NULL, '1', 67);
		
	CALL tambah_supplier
		(NULL, '642198659325000', 'SUHENDI', 'DUSUN SIDOHARJO 2 NEGARA RATU RT 18/06 NATAR LAMPUNG SELATAN', 
		NULL, NULL, '1', 68);
		
	CALL tambah_supplier
		(NULL, NULL, 'HELMUDIN', 'MARGA SETIA RT 001/001 SUKARAJA WAY TENONG', 
		'08127284856', NULL, '1', 69);
		
	CALL tambah_supplier
		(NULL, '75988480236000', 'ASRIN', 'WAY PETAY SUMBER JAYA LAMPUNG BARAT', 
		'081541480379', NULL, '1', 70);
		
	CALL tambah_supplier
		(NULL, '154261432327000', 'TASLIM', 'TEBAT KARET KEPAHIYANG BENGKULU', 
		'081271192952', NULL, '1', 71);
		
	CALL tambah_supplier
		(NULL, '084891944321000', 'WIRAWAN', 'MARGA WIWIWTAN TUGU SARI SUMBER JAYA LAMPUNG BARAT', 
		'081379707711', 'NULL', '1', 72);

	CALL tambah_supplier
		(NULL, NULL, 'DODI SANDRA', 'DESA BOJONG BARAT RT 002/002 BOJONG BARAT', 
		'085273120276', NULL, '1', 73);

	CALL tambah_supplier
		(NULL, NULL, 'SUKARDI A', 'FILA TENGAH TIGA JAYA SEKINCAU', 
		'085279778434', NULL, '1', 74);

	CALL tambah_supplier
		(NULL, NULL, 'DIAN SUSANTI', 'FILA TENGAH TIGA JAYA SEKINCAU', 
		'085279778434', NULL, '1', 75);

	CALL tambah_supplier
		(NULL, NULL, 'WALUYO SUSANTO', 'LINGKUNGAN 1 KEBAS RT 002/001 SEKINCAU', 
		'085279778434', NULL, '1', 76);

	CALL tambah_supplier
		(NULL, NULL, 'WALUYO SUSANTO', 'LINGKUNGAN 1 KEBAS RT 002/001 SEKINCAU', 
		'085279778434', NULL, '1', 77);

	CALL tambah_supplier
		(NULL, NULL, 'M SOLIKHIN', 'TIGA JAYA RT 001/001 TIGA JAYA SEKINCAU', 
		'085279778434', NULL, '1', 78);

	CALL tambah_supplier
		(NULL, NULL, 'FRENGKI KURNIAWAN', 'DESA TIGA JAYA KEC. SEKINCAU LAMPUNG BARAT', 
		NULL, NULL, '1', 79);

	CALL tambah_supplier
		(NULL, NULL, 'WISAMANTO SUKARDI', 'SEJURAI ATAS RINGIN JAYA', 
		NULL, NULL, '1', 80);

	CALL tambah_supplier
		(NULL, NULL, 'RIAN ANGGARA', 'JL. KEAGUNGAN RATU TR 01/06 ABUNG PEKURUN', 
		'082234653520', NULL, '1', 81);

	CALL tambah_supplier
		(NULL, NULL, 'FAUZIE ARIZON MS', 'JL. HAMAMI F NO. 38 RT 01/01 KOTABUMI UDIK LU', 
		NULL, NULL, '1', 82);

	CALL tambah_supplier
		(NULL, NULL, 'YOSA HENDRA', 'JL. BERINGIN RT 002/002 BERINGIN ABUNG KUNANG', 
		NULL, NULL, '1', 83);

	CALL tambah_supplier
		(NULL, NULL, 'MARSUDI', 'DUSUN SUMBER REJO RT 007/004 PEKURUN UTARA ABUNG TENGAH', 
		'085279778434', NULL, '1', 84);

	CALL tambah_supplier
		(NULL, NULL, 'HEVI SONDIA', 'OGAN JAYA RT 001/001 OGAN JAYA ABUNG PEKURUN', 
		'085307240084', NULL, '1', 85);

	CALL tambah_supplier
		(NULL, NULL, 'SUGIRI FERNANDO', 'TANJUNG BARU RT 002/005 TANJUNG BUKIT KEMUNING', 
		'081313739222', NULL, '1', 86);

	CALL tambah_supplier
		(NULL, NULL, 'MUSIDIN LINGGAPURA', 'LINGGAPURA RT 003/010 LINGGAPURA SELAGAI LINGGA', 
		'085669969932', NULL, '1', 87);

	CALL tambah_supplier
		(NULL, NULL, 'ASRI ANTINAR', 'LINGGAPURA RT 004/010 SELAGAI LINGGA LAMPUNG TENGAH', 
		'085669969932', NULL, '1', 88);

	CALL tambah_supplier
		(NULL, NULL, 'BUDI ABDURAHMAN', 'LINGGAPURA RT 004/010 SELAGAI LINGGA LAMPUNG TENGAH', 
		'085669969932', NULL, '1', 89);

	CALL tambah_supplier
		(NULL, NULL, 'ANA SANJAYA', 'SUKA JAYA SUMBER JAYA', 
		NULL, NULL, '1', 90);

	CALL tambah_supplier
		(NULL, NULL, 'AGUS SUPRAPTO', 'LINGGAPURA RT 001/009 SELAGAI LINGGA LAMPUNG TENGAH', 
		'085669969932', NULL, '1', 91);

	CALL tambah_supplier
		(NULL, NULL, 'ZULKIFLI', 'LINGGAPURA RT 04.09 SELAGAI LINGGA LAMPUNG TENGAH', 
		NULL, NULL, '1', 92);

	CALL tambah_supplier
		(NULL, NULL, 'SUPARNO', 'MARGA JAYA RT 002/001 MARGA JAYA SELAGAI LINGGAPURA', 
		'085669790922', NULL, '1', 93);

	CALL tambah_supplier
		(NULL, NULL, 'M NAWAWI', 'TALANG WARAS RT 002/003 TALANG BOJONG KOTABUMI', 
		'085279778434', NULL, '1', 94);

	CALL tambah_supplier
		(NULL, NULL, 'SUKRI', 'SRI BANDUNG RT 04/04 ABUNG TENGAH LAMPUNG UTARA', 
		'08137979055', NULL, '1', 95);

	CALL tambah_supplier
		(NULL, NULL, 'NELSON MANDELA', 'CAMPANG DELAPAN RT 001/001 CAMPANG LAPAN BANJIT', 
		'081369255838', NULL, '1', 96);

	CALL tambah_supplier
		(NULL, NULL, 'ALAMSYAH', 'DESA WAY MELAN RT 005/003 WAY MELAN KOTABUMI SELATAN', 
		'085267211242', NULL, '1', 97);

	CALL tambah_supplier
		(NULL, NULL, 'SUPLY', 'JL. HAMAMI FARIAL MEGA RT 004 KOTABUMI UDIK', 
		'081381835221', NULL, '1', 98);

	CALL tambah_supplier
		(NULL, NULL, 'SI KAMAN', 'JL. LINTAS LIWA PURA LAKSANA RT 005/003 PURA LAKASANA WAY TENONG', 
		'081279950914', NULL, '1', 99);

	CALL tambah_supplier
		(NULL, NULL, 'IWAN FALS', 'DESA SIRING AGUNG KEC. KISAM TINGGI KAB. OKU SELATAN', 
		'085383114086', NULL, '1', 100);

	CALL tambah_supplier
		(NULL, NULL, 'HADI', 'PANGKUL TENGAH RT 001/001 KOTABUMI SELATAN', 
		'081272712323', NULL, '1', 101);

	CALL tambah_supplier
		(NULL, NULL, 'ALI NASWAN', 'DESA TANGGA RASA ULU MUSI PAGAR ALAM', 
		'085328867996', NULL, '1', 102);

	CALL tambah_supplier
		(NULL, NULL, 'SYAMSUL BAHRI', 'CIPTA JAYA PURA WIWIWTAN KEBUN TEBU MENDINGIN', 
		'082182749090', NULL, '1', 103);

	CALL tambah_supplier
		(NULL, NULL, 'EFENDI', 'SRI BANDUNG RT 004/004 ABUNG TENGAH', 
		'081379236783', NULL, '1', 104);

	CALL tambah_supplier
		(NULL, NULL, 'SURYANTO', 'DUDUN VII NEGERI SINDANG SOSOH BUAY RAYAP', 
		NULL, NULL, '1', 105);

	CALL tambah_supplier
		(NULL, NULL, 'AAN BUDI SUSANTO', 'RANAU PRING RT 005/004 WAY MELAN KOTABUMI SELATAN', 
		'0852266171145', NULL, '1', 106);

	CALL tambah_supplier
		(NULL, NULL, 'DENDI', 'JL. SUKAJAYA SUMBER JAYA', 
		'082179950520', NULL, '1', 107);

	CALL tambah_supplier
		(NULL, NULL, 'MARYATI', 'JL. SUKAJAYA SUMBER JAYA LAMPUNG BARAT', 
		'082179950520', NULL, '1', 108);

	CALL tambah_supplier
		(NULL, NULL, 'IDRUS HADI', 'DESA SUKARAJA KEC. KOTA AGUNG LAHAT', 
		'081278443436', NULL, '1', 109);

	CALL tambah_supplier
		(NULL, NULL, 'BUDIANTO', 'GUNUNG TERANG RT 001/001 GUNUNG TERANG AIR HITAM', 
		'085669613579', NULL, '1', 110);

	CALL tambah_supplier
		(NULL, NULL, 'ANDI', 'DUDUN PALEMBANGAN RT 001/002 BUMI MANDIRI ABUNG BARAT', 
		'082183584228', NULL, '1', 111);

	CALL tambah_supplier
		(NULL, NULL, 'MAT SANI', 'TANJUNG RAYA TANJUNG RAYA WAY TENONG', 
		'081379323695', NULL, '1', 112);

	CALL tambah_supplier
		(NULL, NULL, 'WILIYANDO DESTENDO', 'LK III PASAR BANJIT BANJIT', 
		NULL, NULL, '1', 113);

	CALL tambah_supplier
		(NULL, NULL, 'HENDRI FERNANDES', 'SABUK INDAH RT 001/001 ABUNG KUNANG LAMPUNG UTARA', 
		'08127931634', NULL, '1', 114);

	CALL tambah_supplier
		(NULL, NULL, 'SUHAIRI', 'SRI BANDUNG RT 001/001 SRI BANDUNG ABUNG TENGAH', 
		'081279259524', NULL, '1', 115);

	CALL tambah_supplier
		(NULL, NULL, 'ZULKARNAIN', 'DESA NANJUNGAN NANJUNGAN PENDEPO', 
		'082378443111', NULL, '1', 116);

	CALL tambah_supplier
		(NULL, NULL, 'RUSDI EFRI', 'KEMU ULU PULAU BERINGIN', 
		'085368026837', NULL, '1', 117);

	CALL tambah_supplier
		(NULL, NULL, 'SUWONDO WAHRIDIN', 'DUSUN III SIMPANG SENDER SELATAN BUAY PEMATANG RIBU RANAU TENGAH', 
		'081274805070', NULL, '1', 118);

	CALL tambah_supplier
		(NULL, NULL, 'ADE SUMARDI', 'MARGA WIWITAN II TUGU SARI SUMBER JAYA', 
		NULL, NULL, '1', 119);

	CALL tambah_supplier
		(NULL, NULL, 'MATSOBIRIN', 'PRIANGAN BARU RT 001/002 PRIANGAN BARU TANJUNG RAJA', 
		'082111389736', NULL, '1', 120);

	CALL tambah_supplier
		(NULL, NULL, 'MULYADI', 'TALANG BARU RT 001/006 SUMBER TANI ABUNG PEKURUN', 
		'082178257316', NULL, '1', 121);

	CALL tambah_supplier
		(NULL, NULL, 'SAIFUL', 'DESA KEMBANG GADING RT 01/08 ABUNG SELATAN KOTABUMI', 
		NULL, NULL, '1', 122);

	CALL tambah_supplier
		(NULL, NULL, 'WALUYO SUSANTO', 'LINGKUNGAN 1 KEBAS RT 002/001 SEKINCAU', 
		'085279778434', NULL, '1', 123);

	CALL tambah_supplier
		(NULL, NULL, 'M ANSYAR', 'DUSUN 1, DESA SIMPANG LUAS SUNGAI ARE', 
		'081373911133', NULL, '1', 124);

	CALL tambah_supplier
		(NULL, NULL, 'SULAIMAN', 'CAMPANG GIJUL RT 001/001 ABUNG PEKURUN', 
		'085279125750', NULL, '1', 125);

	CALL tambah_supplier
		(NULL, NULL, 'JAYUSMAN', 'SUMBER SARI RT 001/006 SIDOKAYO ABUNG TINGGI', 
		'082374407632', NULL, '1', 126);

	CALL tambah_supplier
		(NULL, NULL, 'DARMAWANSYAH SPD', 'JL. SOEKARNO HATTA GG. ELANG 1 NO 87 RT 002/005 TANJUNG HARAPAN', 
		'081369209956', NULL, '1', 127);

	CALL tambah_supplier
		(NULL, NULL, 'ANTON ANDESKA', 'CURUP ULU DUSUN II TANJUNG DURIAN BUAY PEMACA', 
		'082282939809', NULL, '1', 128);

	CALL tambah_supplier
		(NULL, NULL, 'ASWIN', 'CURUP ULU DUSUN II TANJUNG DURIAN BUAY PEMACA', 
		'082282939809', NULL, '1', 129);

	CALL tambah_supplier
		(NULL, NULL, 'SAMSURI', 'DUSUN 1 UJAN MAS RT 001/002 SINAR MAS ALAM KOTABUMI', 
		NULL, NULL, '1', 130);

	CALL tambah_supplier
		(NULL, NULL, 'N SASTRA JAYA', 'PEKON WURAWIWITAN KEC. KEBON TEBU LAMPUNG BARAT', 
		'085269307047', NULL, '1', 131);

	CALL tambah_supplier
		(NULL, NULL, 'A ZAILI', 'SINDANG MARGA RT 001/001 SINDANG MARGA TANJUNG RAJA', 
		'085279246733', NULL, '1', 132);

	CALL tambah_supplier
		(NULL, NULL, 'PONIYAH', 'MEKAR JAYA RT 005/003 SUMBER ALAM AIR HITAM', 
		'081273881787', NULL, '1', 133);

	CALL tambah_supplier
		(NULL, NULL, 'AMAMAH', 'DESA PRIANGAN BARU RT 001/002 TANJUNG RAJA', 
		NULL, NULL, '1', 134);

	CALL tambah_supplier
		(NULL, NULL, 'CHRISS', 'SINAR MAS ALAM RT 001/002 KOTABUMI SELATAN', 
		NULL, NULL, '1', 135);

	CALL tambah_supplier
		(NULL, NULL, 'ADI ISMANTO', 'KARANG ANYAR RT 006/001 SELAGAI LINGGA / UJAN MAS', 
		'085279778434', NULL, '1', 136);

	CALL tambah_supplier
		(NULL, NULL, 'ANDRI MUDIN', 'DUSUN 1 RT 001/001 SINAR MAS ALAM KOTABUMI', 
		NULL, NULL, '1', 137);

	CALL tambah_supplier
		(NULL, NULL, 'RIBHAN', 'PENDOPO LINTANG RT 01/01 KAB. EMPAT LAWANG PENDOPO', 
		'081368445174', NULL, '1', 138);

	CALL tambah_supplier
		(NULL, NULL, 'AHMAD EFENDI', 'SINAR SARI RT 006/003 OGAN CAMPANG ABUNG PEKURUN', 
		'085658906079', NULL, '1', 139);

	CALL tambah_supplier
		(NULL, NULL, 'SUGIARTO', 'WAY PETAI RT 001/004 SUMBER JAYA', 
		'085208467999', NULL, '1', 140);

	CALL tambah_supplier
		(NULL, NULL, 'SUPRAYITNO', 'WASPADA PEMANGKU 1 RT 004/001 SEKINCAU', 
		'085709777765', NULL, '1', 141);

	CALL tambah_supplier
		(NULL, NULL, 'ROZALI', 'DUSUN TEJOSARI RT 001/007 KEMBANG GADING ABUNG SELATAN', 
		'085369039104', NULL, '1', 142);

	CALL tambah_supplier
		(NULL, NULL, 'ISHAK JULIANSYAH', 'JL. PENITIS NO. 555 RT 005/005 TANJUNG AMAN KOTABUMI', 
		'081278243029', NULL, '1', 143);

	CALL tambah_supplier
		(NULL, NULL, 'BASRI', 'SUMBER TANI RT 001/001 ABUNG PEKURUN', 
		'085769488958', NULL, '1', 144);

	CALL tambah_supplier
		(NULL, NULL, 'SAWILAN HI', 'SEMARANG JAYA RT 006/002 AIR HITAM', 
		'081366450116', NULL, '1', 145);

	CALL tambah_supplier
		(NULL, NULL, 'FARIZAL', 'TALANG SEBARIS RT 002/009 KOTABUMI UDIK', 
		'082375258171', NULL, '1', 146);

	CALL tambah_supplier
		(NULL, NULL, 'KASLAN', 'PAJAR BULAN', 
		NULL, NULL, '1', 147);

	CALL tambah_supplier
		(NULL, NULL, 'HANI MASLUHA', 'DESA SUBIK RT 020/002 SUBIK ABUNG TENGAH', 
		'08127969289', NULL, '1', 148);

	CALL tambah_supplier
		(NULL, NULL, 'NUR HOLIS', 'BANDUNG BARU RT 004/002 BANDUNG BARU ADI LUWIH PRINGSEWU', 
		'082371813210', NULL, '1', 149);

	CALL tambah_supplier
		(NULL, NULL, 'ISWADI', 'JL. LADA NO. 28 KEBON LIMA RT 002/003 TANJUNG SENANG', 
		'081379864892', NULL, '1', 150);

	CALL tambah_supplier
		(NULL, NULL, 'YULI YADI', 'KP TANJUNG KURUNG RT 02/05 KEC. KASUI WAY KANAN', 
		'082372791118', NULL, '1', 151);

	CALL tambah_supplier
		(NULL, NULL, 'ANDI HIDAYATULLAH', 'TALANG WARAS RT 001/003 TALANG BOJONG KOTABUMI', 
		'082186369571', NULL, '1', 152);

	CALL tambah_supplier
		(NULL, NULL, 'ZAINUDIN', 'DUSUN V BABATAN SEMENDE DARAT LAUT MUARA ENIM', 
		'08237213300', NULL, '1', 153);

	CALL tambah_supplier
		(NULL, NULL, 'PINANDAR', 'SABUK INDAH RT 003/003 SABUK INDAH ABUNG KUNANG', 
		'082177661621', NULL, '1', 154);

	CALL tambah_supplier
		(NULL, NULL, 'FERLI', 'KAMPUNG JAYA TINGGI KASUI', 
		'082269050140', NULL, '1', 155);

	CALL tambah_supplier
		(NULL, NULL, 'SUGIARTO (GERRY)', 'TALANG BOJONG RT 04/04 KEC. KOTABUMI SELATAN', 
		'081368164189', NULL, '1', 156);

	CALL tambah_supplier
		(NULL, NULL, 'HARYONO', 'TALANG WARAS RT 001/003 TALANG BOJONG KOTABUMI', 
		'085789929971', NULL, '1', 157);

	CALL tambah_supplier
		(NULL, NULL, 'SUPRIYADI', 'TALANG BARU RT 002/001 BUMI NABUNG ABUNG BARAT', 
		'081373068385', NULL, '1', 158);

	CALL tambah_supplier
		(NULL, NULL, 'ROMLI', 'CAMPANG ULU TR 009/005 OGAN CAMPANG ABUNG PEKURUN', 
		'081272600919', NULL, '1', 159);

	CALL tambah_supplier
		(NULL, NULL, 'HUZAIRIN', 'JL. KAPTEN RT/RW 004/005 KEL. TANJUNG HARAPAN', 
		'082176805887', NULL, '1', 160);

	CALL tambah_supplier
		(NULL, NULL, 'GUSRI AMULI', 'JL. HORO SENANG KOMP BATURAJA PERMAI BLOK 0 NO 22 BATURAJA', 
		'085267646500', NULL, '1', 161);

	CALL tambah_supplier
		(NULL, NULL, 'SUPARMAN', 'DESA DANAU JAYA KEC. BUAY PEMANCA MUARA DUA', 
		'081368313487', NULL, '1', 162);

	CALL tambah_supplier
		(NULL, NULL, 'ZAINUDIN', 'JL. KAPTEN MUSTOFA NO. 47 GG. MERAK 1 RT 05/05 KEL. TANJUNG AMAN', 
		'081373939090', NULL, '1', 163);

	CALL tambah_supplier
		(NULL, NULL, 'ISRUN', 'SRI AGUNG RT 002/002 SUNGKAI JAYA', 
		'085366994770', NULL, '1', 164);

	CALL tambah_supplier
		(NULL, NULL, 'SADIP', 'TALANG BOJONG RT/RW 002/001 KEL. TALANG BOJONG KEC. KOTABUMI', 
		'0852269713987', NULL, '1', 165);

	CALL tambah_supplier
		(NULL, NULL, 'SUHELMI TR', 'BANGI SRI AGUNG RT 001/007 AJI KAGUNGAN ABUNG KUNANG', 
		'085269677623', NULL, '1', 166);

	CALL tambah_supplier
		(NULL, NULL, 'SAPRI', 'WATES DESA/KEL WATES KEC. SINDANG DANAU', 
		'082121447811', NULL, '1', 167);

	CALL tambah_supplier
		(NULL, NULL, 'SEHAT', 'SUBIK', 
		NULL, NULL, '1', 168);

	CALL tambah_supplier
		(NULL, NULL, 'HELMUDIN', 'MARGA SETIA RT 001/001 KEL. SUKARAJA WAY TENONG', 
		'082175865394', NULL, '1', 169);

	CALL tambah_supplier
		(NULL, NULL, 'AKMAL BULHARI', 'JL. DESA SRIBANDUNG RT 004/004 SRIBANDUNG ABUNG TENGAH', 
		'081369228754', NULL, '1', 170);

	CALL tambah_supplier
		(NULL, NULL, 'DURAJI', 'DESA SUBIK RT 002/001 BATU KODOK', 
		NULL, NULL, '1', 171);

	CALL tambah_supplier
		(NULL, NULL, 'ANDI HIDAYAT', 'OGAN JAYA RT 001/002 OGAN JAYA ABUNG PEKURUN', 
		'085273331441', NULL, '1', 172);

	CALL tambah_supplier
		(NULL, NULL, 'HUSAIRIN', 'JL. KAPTEN MUSTOFA GG. MERAK V NO. 200 RT 004/004 TANJUNG HARAPAN', 
		'082176805887', NULL, '1', 173);

	CALL tambah_supplier
		(NULL, NULL, 'SURAJI', 'DESA SUKA MULYA RT 002/002 SUKA MULYA TANJUNG RAJA', 
		'085267482163', NULL, '1', 174);

	CALL tambah_supplier
		(NULL, NULL, 'H. WASIS', 'JL. SRI MULYO GEDUNG SURYA LAMPUNG BARAT', 
		NULL, NULL, '1', 175);

	CALL tambah_supplier
		(NULL, NULL, 'ROSDIANA', 'SUBIK RT 002/001 ABUNG TENGAH', 
		'081369981025', NULL, '1', 176);

	CALL tambah_supplier
		(NULL, NULL, 'TON HARYONI', 'TALANG BOJONG RT 01/01 TALANG BOJONG', 
		'085380274531', NULL, '1', 177);

	CALL tambah_supplier
		(NULL, NULL, 'ALWAN RONI', 'JL. SARMIN CITEREP RT 003/003 KETAPANG SUNGAI SELATAN', 
		NULL, NULL, '1', 178);

	CALL tambah_supplier
		(NULL, NULL, 'MAWANTO', 'TALANG BARU SUMBER TANI RT 001/006 ABUNG PEKURUN', 
		NULL, NULL, '1', 179);

	CALL tambah_supplier
		(NULL, NULL, 'BUSNAN HADI', 'SUMBER MULYO DS. SIDODADI BUAY PEMACA OKU', 
		'081272805454', NULL, '1', 180);

	CALL tambah_supplier
		(NULL, NULL, 'HERMAN', 'DUSUN III KIWIS RAYA WARKUK RANAU SELATAN', 
		'085208462280', NULL, '1', 181);

	CALL tambah_supplier
		(NULL, NULL, 'TARMIZI', 'JL. PADASUKA RT 003/003 ALAM KARI KOTABUMI', 
		'081369082852', NULL, '1', 182);

	CALL tambah_supplier
		(NULL, NULL, 'SOLIHIN', 'SABUK INDAH RT 005/005 SABUK INDAH ABUNG KUNANG', 
		'081369912568', NULL, '1', 183);

	CALL tambah_supplier
		(NULL, NULL, 'HARYANI YASIN', 'JL. ST PESIRAH ABUNG NO 84 RT 003/002 KOTABUMI ILIR', 
		'085384455503', NULL, '1', 184);

	CALL tambah_supplier
		(NULL, NULL, 'HASANUDIN', 'KOTA AGUNG RT 002/002 NO. 33 KEC. SUNGKAI SELATAN', 
		'082371035208', NULL, '1', 185);

	CALL tambah_supplier
		(NULL, NULL, 'ADI AWA', 'ALAM KARI RT 008/002 KOTABUMI UDIK', 
		'081271660200', NULL, '1', 186);

	CALL tambah_supplier
		(NULL, NULL, 'SADEKI', 'KALI BUNDER RT 002/001 KALI CINTA KOTABUMI', 
		'085279383909', NULL, '1', 187);

	CALL tambah_supplier
		(NULL, NULL, 'PENDI', 'PADASUKA RT 003/008 KOTABUMI UDIK', 
		'085378510901', NULL, '1', 188);

	CALL tambah_supplier
		(NULL, NULL, 'NANA WAWAN', 'MUARA DUA', 
		NULL, NULL, '1', 189);

	CALL tambah_supplier
		(NULL, NULL, 'YUDI ANTONI', 'CEMPAKA RT/RW 002/006 SUNGKAI JAYA', 
		'082371019885', NULL, '1', 190);

	CALL tambah_supplier
		(NULL, NULL, 'IJAL', 'KEBUN 4', 
		NULL, NULL, '1', 191);

	CALL tambah_supplier
		(NULL, NULL, 'AHMAD YANI', 'DUSUN II DESA BOJONG BARAT RT/RW 001/002 BOJONG BARAT', 
		'081369276354', NULL, '1', 192);

	CALL tambah_supplier
		(NULL, NULL, 'MUHSIN', 'KOTA AGUNG DUSIN 1 LAHAT SUMATERA SELATAN', 
		'082375612464', NULL, '1', 193);

	CALL tambah_supplier
		(NULL, NULL, 'DODI INDRO', 'TALANG SEBARIS RT 002/009 KOTABUMI UDIK', 
		'082279992168', NULL, '1', 194);

	CALL tambah_supplier
		(NULL, NULL, 'DONI YARDI', 'TALANG SEBARIS RT 002/009 KOTABUMI UDIK', 
		'082382938543', NULL, '1', 195);

	CALL tambah_supplier
		(NULL, NULL, 'DARUL KUTENI', 'JL. LINTAS SUMATERA NO. 111 RT/RW 003/006 BERNAH KOTA ALAM', 
		'085279602111', NULL, '1', 196);

	CALL tambah_supplier
		(NULL, NULL, 'ANDI', 'TALANG WARAS RT 002/003 TALANG BOJONG KOTABUMI', 
		NULL, NULL, '1', 197);

	CALL tambah_supplier
		(NULL, NULL, 'MISRI', 'TALANG WARAS RT 002/003 TALANG BOJONG KOTABUMI', 
		'082374207105', NULL, '1', 198);

	CALL tambah_supplier
		(NULL, NULL, 'HERDANI', 'JL. ABRATI GG MESJID AGUNG NO 19 RT 001/001 KOTABUMI', 
		'081272727784', NULL, '1', 199);

	CALL tambah_supplier
		(NULL, NULL, 'A RONI MURNI', 'JL. SUTTAN PN RAJO ASLI NO 16 RT 001/001 KOTABUMI ILIR', 
		'082375261199', NULL, '1', 200);

	CALL tambah_supplier
		(NULL, NULL, 'ALI DONI', 'PADASUKA RT 003/008 KOTABUMI UDIK', 
		'082374495234', NULL, '1', 201);

	CALL tambah_supplier
		(NULL, NULL, 'YUDA CEMPAKA', 'CEMPAKA', 
		NULL, NULL, '1', 202);

	CALL tambah_supplier
		(NULL, NULL, 'AHMAD YANI', 'TALANG ILIR RT/RW 001/002 DESA BOJONG BARAT KEC. KOTABUMI', 
		NULL, NULL, '1', 203);

	CALL tambah_supplier
		(NULL, NULL, 'SUWONDO', 'SIMPANG SENDER RANAU', 
		NULL, NULL, '1', 204);

	CALL tambah_supplier
		(NULL, NULL, 'AKMAL BULHARI', 'JL. DESA SRIBANDUNG RT/RW 004/004 KEL. SRIBANDUNG', 
		NULL, NULL, '1', 205);

	CALL tambah_supplier
		(NULL, NULL, 'JALALUDIN', 'CAGER 001/009 KOTABUMI SELATAN', 
		NULL, NULL, '1', 206);

	CALL tambah_supplier
		(NULL, NULL, 'RAHMAN YUSUP', 'PRIANGAN BARU NO 10 RT 002/004 TANJUNG RAJA', 
		'085279452059', NULL, '1', 207);

	CALL tambah_supplier
		(NULL, NULL, 'SANDI MARTIN', 'OGAN JAYA RT 001/002 OGAN JAYA ABUNG PEKURUN', 
		NULL, NULL, '1', 208);

	CALL tambah_supplier
		(NULL, NULL, 'SIDIK AZIS', 'JL RE MARTADINATA GG HARNAS SUKAMAJU TELUK BETUNG', 
		'085269194945', NULL, '1', 209);

	CALL tambah_supplier
		(NULL, NULL, 'SOPANI', 'DESA TIGA JAYA KEC. SEKINCAU KAB. LAMPUNG BARAT', 
		'085279478682', NULL, '1', 210);

	CALL tambah_supplier
		(NULL, NULL, 'HEROM SUDIN', 'MARGA SALUYU 1 RT 05/03 PURA LAKSANA WAY TENONG', 
		NULL, NULL, '1', 211);

	CALL tambah_supplier
		(NULL, NULL, 'SUDARGO', 'KARANG WARINNGIN RT 001/001 KARANG WARINGIN TANJUNG RAJA', 
		'082211150928', NULL, '1', 212);

	CALL tambah_supplier
		(NULL, NULL, 'IDA MARLENA', 'PRIANGAN BARU RT 001/001 PRIANGAN BARU TANJUNG BARU', 
		NULL, NULL, '1', 213);

	CALL tambah_supplier
		(NULL, NULL, 'JUMADI', 'DUSUN III TANJUNG BESAR MEKAKAU ILIR', 
		'082374106844', NULL, '1', 214);

	CALL tambah_supplier
		(NULL, NULL, 'WARUDIN', 'DUSUN 111 LEBAK BUDI TANJUNG AGUNG', 
		NULL, NULL, '1', 215);

	CALL tambah_supplier
		(NULL, NULL, 'PARNO', 'PRIANGAN BARU', 
		NULL, NULL, '1', 216);

	CALL tambah_supplier
		(NULL, NULL, 'EDI', 'OGAN JAYA', 
		NULL, NULL, '1', 217);

	CALL tambah_supplier
		(NULL, NULL, 'SAEFUDIN', 'JL. PRIANGAN BARU TANJUNG RAJA', 
		NULL, NULL, '1', 218);

	CALL tambah_supplier
		(NULL, NULL, 'IYAN', 'WAY ABUNG', 
		NULL, NULL, '1', 219);

	CALL tambah_supplier
		(NULL, NULL, 'WRUSTAM EFENDI', 'AGUNG RAYA RT 001/006 PURAJAYA KEBUN TEBU', 
		'085267289993', NULL, '1', 220);

	CALL tambah_supplier
		(NULL, NULL, 'SISMADI', 'CIPTA WANGI 1 RT 001/002 PURAWIWITAN KEBUNTEBU', 
		'085367496630', NULL, '1', 221);

	CALL tambah_supplier
		(NULL, NULL, 'SAIPUL', 'SIDOKAYO RT 001/001 ABUNG TINGGI LAMPUNG UTARA', 
		NULL, NULL, '1', 222);
# ====================================== #

# Data Buyer #
	INSERT INTO `buyer` (`id`, `npwp`, `nama`, `alamat`, `telp`, `email`, `foto`, `status`) VALUES
		(1, '010716652059000', 'PT. OLAM INDONESIA', 'JL. KH. AGUS ANANG NO. 36 WAY LUNIK PANJANG BANDAR LAMPUNG', 
			'08117204730', 'Wahyu.Astuti@olamnet.com', NULL, '1'),
		(2, '018689786056000', 'PT. LOUIS DREYFUS INDONESIA', 'JL. SOEKARNO HATTA BANDAR LAMPUNG', 
			NULL, 'melissa.florence@ldcom.com', NULL, '1'),
		(3, '021930441057000', 'PT. NEDD COFFE INDONESIA', 'JL. SOEKARNO HATTA KM. 07 CAMPANG RAYA TANJUNG KARANG TIMUR', 
			NULL, 'commercial@nedcoffee.id', NULL, '1'),
		(4, '18689992058000', 'PT. INDO CAFCO', 'JL. P. TIRTAYASA KP. GALIH LK II RT 02 KEL. CAMPANG RAYA KEC. T. KARANG TIMUR BANDAR LAMPUNG 35122', 
			'0721350737', 'misro@ecomtrading.com', NULL, '1'),
		(5, NULL, 'PT. SAMSON JAYA', 'JL. SUTAMI NO. 13 BANDAR LAMPUNG', 
			NULL, NULL, NULL, '1'),
		(6, NULL, 'PT. ARMAJARO INDONESIA', 'JL. IR. SUTAMI KM. 03 WAY LAGA PANJANG BANDAR LAMPUNG', 
			NULL, 'yusac@armajaro.co.id', NULL, '1'),
		(7, NULL, 'PT. PUTRA BALI ADYAMULIA', 'JL. GATOT SUBROTO NO. 79 A BANDAR LAMPUNG', 
			NULL, 'lampung@putra-bali.com', NULL, '1'),
		(8, '014872915123000', 'PT. SARIMAKMUR TUNGGAL MANDIRI', 'JL. SOEKARNO HATTA NO. 17 BANDAR LAMPUNG INDONESIA', 
			NULL, 'accounting_smlpg@bdl.nusa.net.id', NULL, '1'),
		(9, NULL, 'CV. MULTI ORGANIK INDONESIA', 'JL. SOEKARN HATTA KM. 07 GG. MULTI', 
			NULL, NULL, NULL, '1'),
		(10, NULL, 'PT. INDOCOM CITRA PERSADA', 'JL. IR. SUTAMI BANDAR LAMPUNG', 
			NULL, NULL, NULL, '1');
# ======================================= #

# Data Harga Basis #
# ======================================= #

# Data Kendaraan #
	INSERT INTO `kendaraan` (`id`, `no_polis`, `id_supir`, `pendamping`, `tahun`, `jenis`, `muatan`, `foto`, `status`) VALUES
		(1, 'BE 9396 JC', 18, NULL, 2001, 'F', 20000.00, NULL, '1'),
		(2, 'BE 9873 JC', 19, NULL, 2003, 'F', 20000.00, NULL, '1'),
		(3, 'BE 9072 W', 20, NULL, 2006, 'F', 20000.00, NULL, '1'),
		(4, 'BE 9142 JE', 21, NULL, 2010, 'F', 20000.00, NULL, '1'),
		(5, 'BE 9839 JE', 22, NULL, 2012, 'F', 20000.00, NULL, '1'),
		(6, 'BE 9848 JE', 23, NULL, 2012, 'F', 20000.00, NULL, '1'),
		(7, 'BE 9270 JC', 24, NULL, 2003, 'C', 10000.00, NULL, '1'),
		(8, 'BE 9108 JG', 25, NULL, 2012, 'C', 10000.00, NULL, '1'),
		(9, 'BE 9201 JG', 26, NULL, 2012, 'C', 10000.00, NULL, '1'),
		(10, 'BE 9202 JG', 27, NULL, 2012, 'C', 10000.00, NULL, '1'),
		(11, 'BE 9435 JG', 28, NULL, 2013, 'C', 10000.00, NULL, '1'),
		(12, 'BE 9427 JG', 29, NULL, 2013, 'C', 10000.00, NULL, '1'),
		(13, 'BE 9434 JG', 30, NULL, 2013, 'C', 10000.00, NULL, '1'),
		(14, 'BE 9590 JN', 31, NULL, 2016, 'C', 10000.00, NULL, '1');
# ======================================= #

# Data User #
	INSERT INTO `user` (`username`, `password`, `id_karyawan`, `hak_akses`, `status`) VALUES
		('aghany', '$2y$10$Fmb53c5iL7yEQQCgUH21aeoq7b.rFsNogcmMYOFGMlmw2W6sadyJa', 7, 'BAGIAN GUDANG', '1'),
		('herrys', '$2y$10$joPwrjbNN.KZtEnjjWbX/e/PRryZMYUjcm16ucrHvyPh/CsOzjXi6', 2, 'BAGIAN ANALISA HARGA', '1'),
		('indraa', '$2y$10$4El7mXcaBAs0DrJsq1alDeLKeURlGOOcO6h/I.FB5S0N4lRtV4wYO', 11, 'ADMINISTRATOR', '1'),
		('jajang', '$2y$10$oEmIok67z8r/fSV5nJI.Hu1btiT1tSxk5ADbGyT7UHOqgxu4fawkG', 9, 'BAGIAN TEKNISI DAN OPERASIONAL', '1'),
		('liliss', '$2y$10$yntJ1sWqsdcCp8a0K1Zr0u/xQ2Z5oVv.LFu.wF9wCF5qus6tXlDxa', 6, 'BAGIAN ADMINISTRASI DAN KEUANGAN', '1'),
		('lisori', '$2y$10$NovbEZwyLg8XJIgaFqgDVOs1yXZOM/qoH3wFpGdfy6TAkUIeN/3O.', 8, 'BAGIAN KIR', '1'),
		('ratnasari', '$2y$10$eLN/koyTMbpvNwp0N8JsluBe7qu0CR1WppY/UGAhcNvx3pus7XZJS', 4, 'BAGIAN ADMINISTRASI DAN KEUANGAN', '1'),
		('sarifhifni', '$2y$10$4v8SU4WKmqyBmRP97lz.1uXxkxX1Y./qu6wZFgsIQcGkUqAQ7bMYO', 1, 'DIREKTUR', '1');
# ======================================= #

# Data Bahan Baku #
	-- CALL tambah_bahan_baku(kd_bahan_baku, nama, satuan, ket, foto, tgl, stok);

	CALL tambah_bahan_baku('KP-ASL', 'KOPI ASALAN', 'KG', NULL, NULL, CURDATE(), 100); -- 1. kopi asalan
	CALL tambah_bahan_baku('LD-ASL', 'LADA HITAM ASALAN', 'KG', NULL, NULL, CURDATE(), 100); -- 2. lada hitam asalan
	CALL tambah_bahan_baku('KP-SUTA', 'KOPI SUTON A', 'KG', NULL, NULL, CURDATE(), 50); -- 3. kopi suton a
	CALL tambah_bahan_baku('KP-SUTB', 'KOPI SUTON B', 'KG', NULL, NULL, CURDATE(), 50); -- 4. kopi suton b
# ======================================= #

# Data Produk - Komposisi #
	-- CALL tambah_bahan_baku(kd_produk, nama, satuan, ket, foto, tgl, stok);
	-- CALL tambah_komposisi(kd_produk, id_bahan_baku, penyusutan);

	-- 1. kopi def 80 - kp-asl
	CALL tambah_produk('KP-DEF80', 'KOPI DEF-80', 'KG', NULL, NULL, CURDATE(), 100);
	CALL tambah_komposisi('KP-DEF80', 1, 0.05);

	-- 2. kopi def 120 - kp-asl
	CALL tambah_produk('KP-DEF120', 'KOPI DEF-120', 'KG', NULL, NULL, CURDATE(), 100);
	CALL tambah_komposisi('KP-DEF120', 1, 0.02);

	-- 3. kopi 20/25 - kp-suta
	CALL tambah_produk('KP-2025', 'KOPI 20/25', 'KG', NULL, NULL, CURDATE(), 50);
	CALL tambah_komposisi('KP-2025', 3, 0.20);

	-- 4. kopi 30/35 - kp-suta
	CALL tambah_produk('KP-3035', 'KOPI 30/35', 'KG', NULL, NULL, CURDATE(), 50);
	CALL tambah_komposisi('KP-3035', 3, 0.15);

	-- 5. kopi 40/45 - kp-suta
	CALL tambah_produk('KP-4045', 'KOPI 40/45', 'KG', NULL, NULL, CURDATE(), 50);
	CALL tambah_komposisi('KP-4045', 3, 0.10);

	-- 6. kopi 60/65 - kp-sutb
	CALL tambah_produk('KP-6065', 'KOPI 60/65', 'KG', NULL, NULL, CURDATE(), 50);
	CALL tambah_komposisi('KP-6065', 4, 0.25);

	-- 7. kopi 80/85 - kp-sutb
	CALL tambah_produk('KP-8085', 'KOPI 80/85', 'KG', NULL, NULL, CURDATE(), 50);
	CALL tambah_komposisi('KP-8085', 4, 0.20);

	-- 8. lada hitam - ld-asl
	CALL tambah_produk('LD-HTM', 'LADA HITAM', 'KG', NULL, NULL, CURDATE(), 50);
	CALL tambah_komposisi('LD-HTM', 2, 0.05);
# ======================================= #

# Data Kir Kopi #
	-- 2017-01-04
		INSERT INTO kir (kd_kir, tgl, id_supplier, jenis_bahan_baku, status) 
			VALUES ('KIR-KP-20170104-1', '2017-01-04', 74, 'K', '1');
		CALL tambah_kir_kopi ('KIR-KP-20170104-1', 21.80, 1.38, 21.62, 1.19, 1.64, 83.26);
		-- 100, 9740, 22600

	-- 2017-01-05
		INSERT INTO kir (kd_kir, tgl, id_supplier, jenis_bahan_baku, status) 
			VALUES ('KIR-KP-20170105-1', '2017-01-05', 107, 'K', '1');
		CALL tambah_kir_kopi ('KIR-KP-20170105-1', 18.95, 1.79, 22.75, 1.30, 1.27, 84.30);
		-- 81, 8156, 22600

	-- 2017-01-06
		INSERT INTO kir (kd_kir, tgl, id_supplier, jenis_bahan_baku, status) 
			VALUES ('KIR-KP-20170106-1', '2017-01-06', 120, 'K', '1');
		CALL tambah_kir_kopi ('KIR-KP-20170106-1', 13.40, 0.56, 17.90, 1.68, 0.30, 90.04);
		-- 2, 232.2, 23860

		INSERT INTO kir (kd_kir, tgl, id_supplier, jenis_bahan_baku, status) 
			VALUES ('KIR-KP-20170106-2', '2017-01-06', 44, 'K', '1');
		CALL tambah_kir_kopi ('KIR-KP-20170106-2', 8.55, 1.20, 17.30, 0.80, 1.00, 93.12);
		-- 97, 10451, 24800

		INSERT INTO kir (kd_kir, tgl, id_supplier, jenis_bahan_baku, status) 
			VALUES ('KIR-KP-20170106-3', '2017-01-06', 110, 'K', '1');
		CALL tambah_kir_kopi ('KIR-KP-20170106-3', 11.90, 0.82, 19.30, 1.02, 0.47, 90.50);
		-- 12, 1226, 24200

	-- 2017-01-07
		INSERT INTO kir (kd_kir, tgl, id_supplier, jenis_bahan_baku, status) 
			VALUES ('KIR-KP-20170107-1', '2017-01-07', 14, 'K', '1');
		CALL tambah_kir_kopi ('KIR-KP-20170107-1', 18.95, 1.00, 17.70, 1.30, 1.30, 98.00);
		-- 102, 10879, 25600

		INSERT INTO kir (kd_kir, tgl, id_supplier, jenis_bahan_baku, status) 
			VALUES ('KIR-KP-20170107-2', '2017-01-07', 125, 'K', '1');
		CALL tambah_kir_kopi ('KIR-KP-20170107-2', 12.55, 1.04, 18.10, 1.03, 1.10, 90.74);
		-- 16, 1865, 24050

	-- 2017-01-08
		INSERT INTO kir (kd_kir, tgl, id_supplier, jenis_bahan_baku, status) 
			VALUES ('KIR-KP-20170108-1', '2017-01-08', 6, 'K', '1');
		CALL tambah_kir_kopi ('KIR-KP-20170108-1', 17.30, 2.08, 23.37, 1.13, 0.54, 84.82);
		-- 30, 3241, 22500

	-- 2017-01-12
		INSERT INTO kir (kd_kir, tgl, id_supplier, jenis_bahan_baku, status) 
			VALUES ('KIR-KP-20170112-1', '2017-01-12', 132, 'K', '1');
		CALL tambah_kir_kopi ('KIR-KP-20170112-1', 11.05, 1.38, 18.80, 2.20, 0.51, 88.79);
		-- 3, 261.7, 2400

	-- 2017-01-13
		INSERT INTO kir (kd_kir, tgl, id_supplier, jenis_bahan_baku, status) 
			VALUES ('KIR-KP-20170113-1', '2017-01-13', 6, 'K', '1');
		CALL tambah_kir_kopi ('KIR-KP-20170113-1', 21.20, 2.32, 21.37, 1.00, 1.11, 85.31);
		-- 28, 2892, 23460

		INSERT INTO kir (kd_kir, tgl, id_supplier, jenis_bahan_baku, status) 
			VALUES ('KIR-KP-20170113-2', '2017-01-13', 107, 'K', '1');
		CALL tambah_kir_kopi ('KIR-KP-20170113-2', 8.55, 2.18, 17.70, 0.95, 0.90, 92.18);
		-- 32, 2504, 25275

	-- 2017-01-14
		INSERT INTO kir (kd_kir, tgl, id_supplier, jenis_bahan_baku, status) 
			VALUES ('KIR-KP-20170114-1', '2017-01-14', 14, 'K', '1');
		CALL tambah_kir_kopi ('KIR-KP-20170114-1', 8.55, 1.00, 18.00, 1.30, 1.30, 98.00);
		-- 92, 9802, 26100	

	-- 2017-01-16
		INSERT INTO kir (kd_kir, tgl, id_supplier, jenis_bahan_baku, status) 
			VALUES ('KIR-KP-20170116-1', '2017-01-16', 74, 'K', '1');
		CALL tambah_kir_kopi ('KIR-KP-20170116-1', 19.55, 1.14, 19.20, 1.67, 1.81, 87.11);
		-- 100, 9770, 24000

	-- 2017-01-20
		INSERT INTO kir (kd_kir, tgl, id_supplier, jenis_bahan_baku, status) 
			VALUES ('KIR-KP-20170120-1', '2017-01-20', 74, 'K', '1');
		CALL tambah_kir_kopi ('KIR-KP-20170120-1', 23.95, 1.12, 20.00, 1.27, 1.56, 87.46);
		-- 94, 9402, 24900

	-- 2017-01-21
		INSERT INTO kir (kd_kir, tgl, id_supplier, jenis_bahan_baku, status) 
			VALUES ('KIR-KP-20170121-1', '2017-01-21', 132, 'K', '1');
		CALL tambah_kir_kopi ('KIR-KP-20170121-1', 23.95, 1.80, 19.00, 0.95, 1.30, 90.44);
		-- 1, 112.3, 25000

		INSERT INTO kir (kd_kir, tgl, id_supplier, jenis_bahan_baku, status) 
			VALUES ('KIR-KP-20170121-2', '2017-01-21', 2, 'K', '1');
		CALL tambah_kir_kopi ('KIR-KP-20170121-2', 11.90, 1.68, 18.50, 1.18, 1.30, 89.88);
		-- 46, 4926, 25000

	-- 2017-01-23
		INSERT INTO kir (kd_kir, tgl, id_supplier, jenis_bahan_baku, status) 
			VALUES ('KIR-KP-20170123-1', '2017-01-23', 120, 'K', '1');
		CALL tambah_kir_kopi ('KIR-KP-20170123-1', 13.50, 0.40, 18.20, 1.40, 0.10, 90.27);
		-- 2, 137, 24800

	-- 2017-02-02
		INSERT INTO kir (kd_kir, tgl, id_supplier, jenis_bahan_baku, status) 
			VALUES ('KIR-KP-20170202-1', '2017-02-02', 110, 'K', '1');
		CALL tambah_kir_kopi ('KIR-KP-20170202-1', 27.60, 1.60, 18.80, 2.35, 1.50, 83.02);
		-- 2, 128.7, 23

	-- 2017-02-06
		INSERT INTO kir (kd_kir, tgl, id_supplier, jenis_bahan_baku, status) 
			VALUES ('KIR-KP-20170206-1', '2017-02-06', 120, 'K', '1');
		CALL tambah_kir_kopi ('KIR-KP-20170206-1', 11.00, 1.18, 18.30, 1.13, 0.23, 90.75);
		-- 3, 277.1, 24500

	-- 2017-02-08
		INSERT INTO kir (kd_kir, tgl, id_supplier, jenis_bahan_baku, status) 
			VALUES ('KIR-KP-20170208-1', '2017-02-08', 121, 'K', '1');
		CALL tambah_kir_kopi ('KIR-KP-20170208-1', 14.15, 5.30, 22.75, 1.43, 1.92, 81.20);
		-- 5, 586.6, 22300

	-- 2017-02-09
		INSERT INTO kir (kd_kir, tgl, id_supplier, jenis_bahan_baku, status) 
			VALUES ('KIR-KP-20170209-1', '2017-02-09', 125, 'K', '1');
		CALL tambah_kir_kopi ('KIR-KP-20170209-1', 14.00, 1.44, 19.90, 0.69, 1.09, 88.60);
		-- 19, 2154, 2450

	-- 2017-02-27
		INSERT INTO kir (kd_kir, tgl, id_supplier, jenis_bahan_baku, status) 
			VALUES ('KIR-KP-20170227-1', '2017-02-27', 74, 'K', '1');
		CALL tambah_kir_kopi ('KIR-KP-20170227-1', 25.65, 2.98, 21.62, 2.53, 2.51, 80.68);
		-- 100, 9670, 24000

	-- 2017-03-04
		INSERT INTO kir (kd_kir, tgl, id_supplier, jenis_bahan_baku, status) 
			VALUES ('KIR-KP-20170304-1', '2017-03-04', 84, 'K', '1');
		CALL tambah_kir_kopi ('KIR-KP-20170304-1', 12.30, 1.65, 19.10, 1.43, 0.59, 88.63);
		-- 9, 900.3, 25000

	-- 2017-03-07
		INSERT INTO kir (kd_kir, tgl, id_supplier, jenis_bahan_baku, status) 
			VALUES ('KIR-KP-20170307-1', '2017-03-07', 74, 'K', '1');
		CALL tambah_kir_kopi ('KIR-KP-20170307-1', 21.10, 2.98, 21.25, 2.33, 2.06, 81.51);
		-- 97, 9551, 24500

		INSERT INTO kir (kd_kir, tgl, id_supplier, jenis_bahan_baku, status) 
			VALUES ('KIR-KP-20170307-2', '2017-03-07', 2, 'K', '1');
		CALL tambah_kir_kopi ('KIR-KP-20170307-2', 8.55, 1.15, 17.80, 1.17, 0.64, 92.68);
		-- 8, 868, 26000

		INSERT INTO kir (kd_kir, tgl, id_supplier, jenis_bahan_baku, status) 
			VALUES ('KIR-KP-20170307-3', '2017-03-07', 2, 'K', '1');
		CALL tambah_kir_kopi ('KIR-KP-20170307-3', 25.60, 0.70, 19.80, 3.63, 1.50, 81.86);
		-- 3, 348.7, 22950

	-- 2017-03-17
		INSERT INTO kir (kd_kir, tgl, id_supplier, jenis_bahan_baku, status) 
			VALUES ('KIR-KP-20170317-1', '2017-03-17', 5, 'K', '1');
		CALL tambah_kir_kopi ('KIR-KP-20170317-1', 15.60, 2.12, 19.10, 2.42, 1.07, 86.82);
		-- 9, 641.1, 24350
# ======================================= #

# Data Kir Lada #
	-- 2017-01-02
		INSERT INTO kir (kd_kir, tgl, id_supplier, jenis_bahan_baku, status) 
			VALUES ('KIR-LD-20170102-1', '2017-01-02', 219, 'L', '1');
		CALL tambah_kir_lada ('KIR-LD-20170102-1',  17 , 1710, 3.23);
		-- 3, 307/1, 76900

	-- 2017-01-05
		INSERT INTO kir (kd_kir, tgl, id_supplier, jenis_bahan_baku, status) 
			VALUES ('KIR-LD-20170105-1', '2017-01-05', 95, 'L', '1');
		CALL tambah_kir_lada ('KIR-LD-20170105-1', 17.15, 1666, 1.95);
		-- 1, 68.1, 77500

	-- 2017-01-06
		INSERT INTO kir (kd_kir, tgl, id_supplier, jenis_bahan_baku, status) 
			VALUES ('KIR-LD-20170106-1', '2017-01-06', 1, 'L', '1');
		CALL tambah_kir_lada ('KIR-LD-20170106-1', 17.6, 1739, 1.13);
		-- 3, 299.7, 78100

		INSERT INTO kir (kd_kir, tgl, id_supplier, jenis_bahan_baku, status) 
			VALUES ('KIR-LD-20170106-2', '2017-01-06', 110, 'L', '1');
		CALL tambah_kir_lada ('KIR-LD-20170106-2', 16.2, 1620, 1.60);
		-- 2, 177, 78100

		INSERT INTO kir (kd_kir, tgl, id_supplier, jenis_bahan_baku, status) 
			VALUES ('KIR-LD-20170106-3', '2017-01-06', 221, 'L', '1');
		CALL tambah_kir_lada ('KIR-LD-20170106-3', 17.6, 1635, 2.19);
		-- 1, 89.7, 76750

	-- 2017-01-08
		INSERT INTO kir (kd_kir, tgl, id_supplier, jenis_bahan_baku, status) 
			VALUES ('KIR-LD-20170108-1', '2017-01-08', 222, 'L', '1');
		CALL tambah_kir_lada ('KIR-LD-20170108-1', 23.6, 1392, 4.5);
		-- 3, 94, 68150

		INSERT INTO kir (kd_kir, tgl, id_supplier, jenis_bahan_baku, status) 
			VALUES ('KIR-LD-20170108-2', '2017-01-08', 95, 'L', '1');
		CALL tambah_kir_lada ('KIR-LD-20170108-2', 18.1, 1660, 2.36);
		-- 1, 52.2, 76400

		INSERT INTO kir (kd_kir, tgl, id_supplier, jenis_bahan_baku, status) 
			VALUES ('KIR-LD-20170108-3', '2017-01-08', 220, 'L', '1');
		CALL tambah_kir_lada ('KIR-LD-20170108-3', 16.9, 1435, 1.68);
		-- 1, 30.8, 75550

		INSERT INTO kir (kd_kir, tgl, id_supplier, jenis_bahan_baku, status) 
			VALUES ('KIR-LD-20170108-4', '2017-01-08', 181, 'L', '1');
		CALL tambah_kir_lada ('KIR-LD-20170108-4', 19.3, 1697, 1.71);
		-- 1, 32.8, 76200

	-- 2017-01-12
		INSERT INTO kir (kd_kir, tgl, id_supplier, jenis_bahan_baku, status) 
			VALUES ('KIR-LD-20170112-1', '2017-01-12', 101, 'L', '1');
		CALL tambah_kir_lada ('KIR-LD-20170112-1', 17.15, 1590, 1.45);
		-- 2, 188.4, 78200

		INSERT INTO kir (kd_kir, tgl, id_supplier, jenis_bahan_baku, status) 
			VALUES ('KIR-LD-20170112-2', '2017-01-12', 218, 'L', '1');
		CALL tambah_kir_lada ('KIR-LD-20170112-2', 18.1, 1655, 3.63);
		-- 1, 54.4, 76500

		INSERT INTO kir (kd_kir, tgl, id_supplier, jenis_bahan_baku, status) 
			VALUES ('KIR-LD-20170112-3', '2017-01-12', 175, 'L', '1');
		CALL tambah_kir_lada ('KIR-LD-20170112-3', 18.1, 1540, 2.69);
		-- 6, 522.8, 76050

		INSERT INTO kir (kd_kir, tgl, id_supplier, jenis_bahan_baku, status) 
			VALUES ('KIR-LD-20170112-4', '2017-01-12', 2, 'L', '1');
		CALL tambah_kir_lada ('KIR-LD-20170112-4', 15.95, 1575, 2.46);
		-- 3, 262, 78200

	-- 2017-01-14
		INSERT INTO kir (kd_kir, tgl, id_supplier, jenis_bahan_baku, status) 
			VALUES ('KIR-LD-20170114-1', '2017-01-14', 98, 'L', '1');
		CALL tambah_kir_lada ('KIR-LD-20170114-1', 17, 1630, 1.27);
		-- 1, 24.8, 77500

		INSERT INTO kir (kd_kir, tgl, id_supplier, jenis_bahan_baku, status) 
			VALUES ('KIR-LD-20170114-2', '2017-01-14', 105, 'L', '1');
		CALL tambah_kir_lada ('KIR-LD-20170114-2', 15.85, 1645, 1.46);
		-- 1, 63.6, 78700

	-- 2017-01-16
		INSERT INTO kir (kd_kir, tgl, id_supplier, jenis_bahan_baku, status) 
			VALUES ('KIR-LD-20170116-1', '2017-01-16', 125, 'L', '1');
		CALL tambah_kir_lada ('KIR-LD-20170116-1', 18.1, 1636, 2.47);
		-- 6, 371.2, 76200

		INSERT INTO kir (kd_kir, tgl, id_supplier, jenis_bahan_baku, status) 
			VALUES ('KIR-LD-20170116-2', '2017-01-16', 132, 'L', '1');
		CALL tambah_kir_lada ('KIR-LD-20170116-2', 17, 1660, 2.15);
		-- 2, 184.2, 77500

		INSERT INTO kir (kd_kir, tgl, id_supplier, jenis_bahan_baku, status) 
			VALUES ('KIR-LD-20170116-3', '2017-01-16', 149, 'L', '1');
		CALL tambah_kir_lada ('KIR-LD-20170116-3', 17.5, 1660, 1.11);
		-- 6, 592.8, 78350

	-- 2017-01-19
		INSERT INTO kir (kd_kir, tgl, id_supplier, jenis_bahan_baku, status) 
			VALUES ('KIR-LD-20170119-1', '2017-01-19', 216, 'L', '1');
		CALL tambah_kir_lada ('KIR-LD-20170119-1', 17.85, 1717, 3.5);
		-- 1, 50.8, 76100

	-- 2017-01-20
		INSERT INTO kir (kd_kir, tgl, id_supplier, jenis_bahan_baku, status) 
			VALUES ('KIR-LD-20170120-1', '2017-01-20', 94, 'L', '1');
		CALL tambah_kir_lada ('KIR-LD-20170120-1', 17.25, 1687, 2.5);
		-- 2, 77.4, 76000

	-- 2017-01-21
		INSERT INTO kir (kd_kir, tgl, id_supplier, jenis_bahan_baku, status) 
			VALUES ('KIR-LD-20170121-1', '2017-01-21', 132, 'L', '1');
		CALL tambah_kir_lada ('KIR-LD-20170121-1', 17.15, 1635, 1.06);
		-- 3, 220.2, 77000

	-- 2017-01-23
		INSERT INTO kir (kd_kir, tgl, id_supplier, jenis_bahan_baku, status) 
			VALUES ('KIR-LD-20170123-1', '2017-01-23', 5, 'L', '1');
		CALL tambah_kir_lada ('KIR-LD-20170123-1', 16.55, 1655, 1.41);
		-- 3, 148.1, 77300

	-- 2017-02-01
		INSERT INTO kir (kd_kir, tgl, id_supplier, jenis_bahan_baku, status) 
			VALUES ('KIR-LD-20170201-1', '2017-02-01', 105, 'L', '1');
		CALL tambah_kir_lada ('KIR-LD-20170201-1', 16.8, 1655, 1.85);
		-- 1, 78.5, 77000

	-- 2017-02-02
		INSERT INTO kir (kd_kir, tgl, id_supplier, jenis_bahan_baku, status) 
			VALUES ('KIR-LD-20170202-1', '2017-02-02', 110, 'L', '1');
		CALL tambah_kir_lada ('KIR-LD-20170202-1', 17.6, 1500, 3.77);
		-- 5, 283.7, 74200

	-- 2017-02-03
		INSERT INTO kir (kd_kir, tgl, id_supplier, jenis_bahan_baku, status) 
			VALUES ('KIR-LD-20170203-1', '2017-02-03', 120, 'L', '1');
		CALL tambah_kir_lada ('KIR-LD-20170203-1', 18.95, 1726, 1.82);
		-- 1, 60.3, 75500

	-- 2017-02-06
		INSERT INTO kir (kd_kir, tgl, id_supplier, jenis_bahan_baku, status) 
			VALUES ('KIR-LD-20170206-1', '2017-02-06', 73, 'L', '1');
		CALL tambah_kir_lada ('KIR-LD-20170206-1', 17, 1756, 1.1);
		-- 1, 15.8, 76000

		INSERT INTO kir (kd_kir, tgl, id_supplier, jenis_bahan_baku, status) 
			VALUES ('KIR-LD-20170206-2', '2017-02-06', 217, 'L', '1');
		CALL tambah_kir_lada ('KIR-LD-20170206-2', 17, 1756, 1.1);
		-- 1, 68.8, 76000

		INSERT INTO kir (kd_kir, tgl, id_supplier, jenis_bahan_baku, status) 
			VALUES ('KIR-LD-20170206-3', '2017-02-06', 5, 'L', '1');
		CALL tambah_kir_lada ('KIR-LD-20170206-3', 17, 1756, 1.1);
		-- 1, 53.9, 75600

	-- 2017-02-16
		INSERT INTO kir (kd_kir, tgl, id_supplier, jenis_bahan_baku, status) 
			VALUES ('KIR-LD-20170216-1', '2017-02-16', 104, 'L', '1');
		CALL tambah_kir_lada ('KIR-LD-20170216-1', 17, 1661, 2.5);
		-- 4, 367.1, 71000

	-- 2017-02-20
		INSERT INTO kir (kd_kir, tgl, id_supplier, jenis_bahan_baku, status) 
			VALUES ('KIR-LD-20170220-1', '2017-02-20', 1, 'L', '1');
		CALL tambah_kir_lada ('KIR-LD-20170220-1', 16.45, 1770, 1.13);
		-- 3, 249.2, 72700

		INSERT INTO kir (kd_kir, tgl, id_supplier, jenis_bahan_baku, status) 
			VALUES ('KIR-LD-20170220-2', '2017-02-20', 1, 'L', '1');
		CALL tambah_kir_lada ('KIR-LD-20170220-2', 17, 1731, 1.47);
		-- 3, 304.9, 72000

		INSERT INTO kir (kd_kir, tgl, id_supplier, jenis_bahan_baku, status) 
			VALUES ('KIR-LD-20170220-3', '2017-02-20', 179, 'L', '1');
		CALL tambah_kir_lada ('KIR-LD-20170220-3', 16.8, 1653, 1.76);
		-- 1, 57.2, 70000

		INSERT INTO kir (kd_kir, tgl, id_supplier, jenis_bahan_baku, status) 
			VALUES ('KIR-LD-20170220-4', '2017-02-20', 73, 'L', '1');
		CALL tambah_kir_lada ('KIR-LD-20170220-4', 17.15, 1603, 2.2);
		-- 3, 253.1, 68500

	-- 2017-02-27
		INSERT INTO kir (kd_kir, tgl, id_supplier, jenis_bahan_baku, status) 
			VALUES ('KIR-LD-20170227-1', '2017-02-27', 81, 'L', '1');
		CALL tambah_kir_lada ('KIR-LD-20170227-1', 18, 1723, 2.33);
		-- 2, 121.9, 68625
# ======================================= #

# Data Penjualan / Pemesanan #

	-- data tahun 2014
		-- kopi def 80
		INSERT INTO pemesanan (tgl, id_buyer, id_produk, jumlah, status) VALUES 
			('2014-01-01', 1, 1, 259860.00, 'S'),
			('2014-02-01', 1, 1, 255727.00, 'S'),
			('2014-03-01', 1, 1, 185878.00, 'S'),
			('2014-04-01', 1, 1, 476354.00, 'S'),
			('2014-05-01', 1, 1, 1814268.00, 'S'),
			('2014-06-01', 1, 1, 2046570.00, 'S'),
			('2014-07-01', 1, 1, 1842250.00, 'S'),
			('2014-08-01', 1, 1, 732694.00, 'S'),
			('2014-09-01', 1, 1, 775217.00, 'S'),
			('2014-10-01', 1, 1, 220926.00, 'S'),
			('2014-11-01', 1, 1, 50255.00, 'S'),
			('2014-12-01', 1, 1, 50120.00, 'S');

		-- kopi def 120
		INSERT INTO pemesanan (tgl, id_buyer, id_produk, jumlah, status) VALUES 
			('2014-01-01', 1, 2, 25000.00, 'S'),
			('2014-02-01', 1, 2, 10000.00, 'S'),
			('2014-03-01', 1, 2, 185878.00, 'S'),
			('2014-04-01', 1, 2, 476354.00, 'S'),
			('2014-05-01', 1, 2, 1814268.00, 'S'),
			('2014-06-01', 1, 2, 2046570.00, 'S'),
			('2014-07-01', 1, 2, 1842250.00, 'S'),
			('2014-08-01', 1, 2, 732694.00, 'S'),
			('2014-09-01', 1, 2, 775217.00, 'S'),
			('2014-10-01', 1, 2, 220926.00, 'S'),
			('2014-11-01', 1, 2, 50255.00, 'S'),
			('2014-12-01', 1, 2, 50120.00, 'S');

		-- kopi 20/25
		INSERT INTO pemesanan (tgl, id_buyer, id_produk, jumlah, status) VALUES 
			('2014-01-01', 1, 3, 259860.00, 'S'),
			('2014-02-01', 1, 3, 255727.00, 'S'),
			('2014-03-01', 1, 3, 185878.00, 'S'),
			('2014-04-01', 1, 3, 476354.00, 'S'),
			('2014-05-01', 1, 3, 1814268.00, 'S'),
			('2014-06-01', 1, 3, 2046570.00, 'S'),
			('2014-07-01', 1, 3, 1842250.00, 'S'),
			('2014-08-01', 1, 3, 732694.00, 'S'),
			('2014-09-01', 1, 3, 775217.00, 'S'),
			('2014-10-01', 1, 3, 220926.00, 'S'),
			('2014-11-01', 1, 3, 50255.00, 'S'),
			('2014-12-01', 1, 3, 50120.00, 'S');

		-- kopi 30/35 
		INSERT INTO pemesanan (tgl, id_buyer, id_produk, jumlah, status) VALUES 
			('2014-01-01', 1, 4, 259860.00, 'S'),
			('2014-02-01', 1, 4, 255727.00, 'S'),
			('2014-03-01', 1, 4, 185878.00, 'S'),
			('2014-04-01', 1, 4, 476354.00, 'S'),
			('2014-05-01', 1, 4, 1814268.00, 'S'),
			('2014-06-01', 1, 4, 2046570.00, 'S'),
			('2014-07-01', 1, 4, 1842250.00, 'S'),
			('2014-08-01', 1, 4, 732694.00, 'S'),
			('2014-09-01', 1, 4, 775217.00, 'S'),
			('2014-10-01', 1, 4, 220926.00, 'S'),
			('2014-11-01', 1, 4, 50255.00, 'S'),
			('2014-12-01', 1, 4, 50120.00, 'S');

		-- kopi 40/45
		INSERT INTO pemesanan (tgl, id_buyer, id_produk, jumlah, status) VALUES 
			('2014-01-01', 1, 5, 259860.00, 'S'),
			('2014-02-01', 1, 5, 255727.00, 'S'),
			('2014-03-01', 1, 5, 185878.00, 'S'),
			('2014-04-01', 1, 5, 476354.00, 'S'),
			('2014-05-01', 1, 5, 1814268.00, 'S'),
			('2014-06-01', 1, 5, 2046570.00, 'S'),
			('2014-07-01', 1, 5, 1842250.00, 'S'),
			('2014-08-01', 1, 5, 732694.00, 'S'),
			('2014-09-01', 1, 5, 775217.00, 'S'),
			('2014-10-01', 1, 5, 220926.00, 'S'),
			('2014-11-01', 1, 5, 50255.00, 'S'),
			('2014-12-01', 1, 5, 50120.00, 'S');

		-- kopi 60/65 
		INSERT INTO pemesanan (tgl, id_buyer, id_produk, jumlah, status) VALUES 
			('2014-01-01', 1, 6, 259860.00, 'S'),
			('2014-02-01', 1, 6, 255727.00, 'S'),
			('2014-03-01', 1, 6, 185878.00, 'S'),
			('2014-04-01', 1, 6, 476354.00, 'S'),
			('2014-05-01', 1, 6, 1814268.00, 'S'),
			('2014-06-01', 1, 6, 2046570.00, 'S'),
			('2014-07-01', 1, 6, 1842250.00, 'S'),
			('2014-08-01', 1, 6, 732694.00, 'S'),
			('2014-09-01', 1, 6, 775217.00, 'S'),
			('2014-10-01', 1, 6, 220926.00, 'S'),
			('2014-11-01', 1, 6, 50255.00, 'S'),
			('2014-12-01', 1, 6, 50120.00, 'S');

		-- kopi 80/85
		INSERT INTO pemesanan (tgl, id_buyer, id_produk, jumlah, status) VALUES 
			('2014-01-01', 1, 7, 259860.00, 'S'),
			('2014-02-01', 1, 7, 255727.00, 'S'),
			('2014-03-01', 1, 7, 185878.00, 'S'),
			('2014-04-01', 1, 7, 476354.00, 'S'),
			('2014-05-01', 1, 7, 1814268.00, 'S'),
			('2014-06-01', 1, 7, 2046570.00, 'S'),
			('2014-07-01', 1, 7, 1842250.00, 'S'),
			('2014-08-01', 1, 7, 732694.00, 'S'),
			('2014-09-01', 1, 7, 775217.00, 'S'),
			('2014-10-01', 1, 7, 220926.00, 'S'),
			('2014-11-01', 1, 7, 50255.00, 'S'),
			('2014-12-01', 1, 7, 50120.00, 'S');

		-- lada hitam
		INSERT INTO pemesanan (tgl, id_buyer, id_produk, jumlah, status) VALUES 
			('2014-01-01', 1, 8, 259860.00, 'S'),
			('2014-02-01', 1, 8, 255727.00, 'S'),
			('2014-03-01', 1, 8, 185878.00, 'S'),
			('2014-04-01', 1, 8, 476354.00, 'S'),
			('2014-05-01', 1, 8, 1814268.00, 'S'),
			('2014-06-01', 1, 8, 2046570.00, 'S'),
			('2014-07-01', 1, 8, 1842250.00, 'S'),
			('2014-08-01', 1, 8, 732694.00, 'S'),
			('2014-09-01', 1, 8, 775217.00, 'S'),
			('2014-10-01', 1, 8, 220926.00, 'S'),
			('2014-11-01', 1, 8, 50255.00, 'S'),
			('2014-12-01', 1, 8, 50120.00, 'S');

	-- data tahun 2015
		-- kopi def 80
		INSERT INTO pemesanan (tgl, id_buyer, id_produk, jumlah, status) VALUES 
			('2015-01-01', 1, 1, 120576.00, 'S'),
			('2015-02-01', 1, 1, 60768.00, 'S'),
			('2015-03-01', 1, 1, 100850.00, 'S'),
			('2015-04-01', 1, 1, 463689.00, 'S'),
			('2015-05-01', 1, 1, 1842000.00, 'S'),
			('2015-06-01', 1, 1, 3407830.00, 'S'),
			('2015-07-01', 1, 1, 3081809.00, 'S'),
			('2015-08-01', 1, 1, 2650120.00, 'S'),
			('2015-09-01', 1, 1, 1142170.00, 'S'),
			('2015-10-01', 1, 1, 425040.00, 'S'),
			('2015-11-01', 1, 1, 152530.00, 'S'),
			('2015-12-01', 1, 1, 75000.00, 'S');

		-- kopi def 120
		INSERT INTO pemesanan (tgl, id_buyer, id_produk, jumlah, status) VALUES 
			('2015-01-01', 1, 2, 259860.00, 'S'),
			('2015-02-01', 1, 2, 255727.00, 'S'),
			('2015-03-01', 1, 2, 185878.00, 'S'),
			('2015-04-01', 1, 2, 476354.00, 'S'),
			('2015-05-01', 1, 2, 1814268.00, 'S'),
			('2015-06-01', 1, 2, 2046570.00, 'S'),
			('2015-07-01', 1, 2, 1842250.00, 'S'),
			('2015-08-01', 1, 2, 732694.00, 'S'),
			('2015-09-01', 1, 2, 775217.00, 'S'),
			('2015-10-01', 1, 2, 220926.00, 'S'),
			('2015-11-01', 1, 2, 50255.00, 'S'),
			('2015-12-01', 1, 2, 50120.00, 'S');

		-- kopi 20/25
		INSERT INTO pemesanan (tgl, id_buyer, id_produk, jumlah, status) VALUES 
			('2015-01-01', 1, 3, 259860.00, 'S'),
			('2015-02-01', 1, 3, 255727.00, 'S'),
			('2015-03-01', 1, 3, 185878.00, 'S'),
			('2015-04-01', 1, 3, 476354.00, 'S'),
			('2015-05-01', 1, 3 1814268.00, 'S'),
			('2015-06-01', 1, 3, 2046570.00, 'S'),
			('2015-07-01', 1, 3, 1842250.00, 'S'),
			('2015-08-01', 1, 3, 732694.00, 'S'),
			('2015-09-01', 1, 3, 775217.00, 'S'),
			('2015-10-01', 1, 3, 220926.00, 'S'),
			('2015-11-01', 1, 3, 50255.00, 'S'),
			('2015-12-01', 1, 3, 50120.00, 'S');

		-- kopi 30/35 
		INSERT INTO pemesanan (tgl, id_buyer, id_produk, jumlah, status) VALUES 
			('2015-01-01', 1, 4, 259860.00, 'S'),
			('2015-02-01', 1, 4, 255727.00, 'S'),
			('2015-03-01', 1, 4, 185878.00, 'S'),
			('2015-04-01', 1, 4, 476354.00, 'S'),
			('2015-05-01', 1, 4, 1814268.00, 'S'),
			('2015-06-01', 1, 4, 2046570.00, 'S'),
			('2015-07-01', 1, 4, 1842250.00, 'S'),
			('2015-08-01', 1, 4, 732694.00, 'S'),
			('2015-09-01', 1, 4, 775217.00, 'S'),
			('2015-10-01', 1, 4, 220926.00, 'S'),
			('2015-11-01', 1, 4, 50255.00, 'S'),
			('2015-12-01', 1, 4, 50120.00, 'S');

		-- kopi 40/45
		INSERT INTO pemesanan (tgl, id_buyer, id_produk, jumlah, status) VALUES 
			('2015-01-01', 1, 5, 259860.00, 'S'),
			('2015-02-01', 1, 5, 255727.00, 'S'),
			('2015-03-01', 1, 5, 185878.00, 'S'),
			('2015-04-01', 1, 5, 476354.00, 'S'),
			('2015-05-01', 1, 5, 1814268.00, 'S'),
			('2015-06-01', 1, 5, 2046570.00, 'S'),
			('2015-07-01', 1, 5, 1842250.00, 'S'),
			('2015-08-01', 1, 5, 732694.00, 'S'),
			('2015-09-01', 1, 5, 775217.00, 'S'),
			('2015-10-01', 1, 5, 220926.00, 'S'),
			('2015-11-01', 1, 5, 50255.00, 'S'),
			('2015-12-01', 1, 5, 50120.00, 'S');

		-- kopi 60/65 
		INSERT INTO pemesanan (tgl, id_buyer, id_produk, jumlah, status) VALUES 
			('2015-01-01', 1, 6, 259860.00, 'S'),
			('2015-02-01', 1, 6, 255727.00, 'S'),
			('2015-03-01', 1, 6, 185878.00, 'S'),
			('2015-04-01', 1, 6, 476354.00, 'S'),
			('2015-05-01', 1, 6, 1814268.00, 'S'),
			('2015-06-01', 1, 6, 2046570.00, 'S'),
			('2015-07-01', 1, 6, 1842250.00, 'S'),
			('2015-08-01', 1, 6, 732694.00, 'S'),
			('2015-09-01', 1, 6, 775217.00, 'S'),
			('2015-10-01', 1, 6, 220926.00, 'S'),
			('2015-11-01', 1, 6, 50255.00, 'S'),
			('2015-12-01', 1, 6, 50120.00, 'S');

		-- kopi 80/85
		INSERT INTO pemesanan (tgl, id_buyer, id_produk, jumlah, status) VALUES 
			('2015-01-01', 1, 7, 259860.00, 'S'),
			('2015-02-01', 1, 7, 255727.00, 'S'),
			('2015-03-01', 1, 7, 185878.00, 'S'),
			('2015-04-01', 1, 7, 476354.00, 'S'),
			('2015-05-01', 1, 7, 1814268.00, 'S'),
			('2015-06-01', 1, 7, 2046570.00, 'S'),
			('2015-07-01', 1, 7, 1842250.00, 'S'),
			('2015-08-01', 1, 7, 732694.00, 'S'),
			('2015-09-01', 1, 7, 775217.00, 'S'),
			('2015-10-01', 1, 7, 220926.00, 'S'),
			('2015-11-01', 1, 7, 50255.00, 'S'),
			('2015-12-01', 1, 7, 50120.00, 'S');

		-- lada hitam
		INSERT INTO pemesanan (tgl, id_buyer, id_produk, jumlah, status) VALUES 
			('2015-01-01', 1, 8, 259860.00, 'S'),
			('2015-02-01', 1, 8, 255727.00, 'S'),
			('2015-03-01', 1, 8, 185878.00, 'S'),
			('2015-04-01', 1, 8, 476354.00, 'S'),
			('2015-05-01', 1, 8, 1814268.00, 'S'),
			('2015-06-01', 1, 8, 2046570.00, 'S'),
			('2015-07-01', 1, 8, 1842250.00, 'S'),
			('2015-08-01', 1, 8, 732694.00, 'S'),
			('2015-09-01', 1, 8, 775217.00, 'S'),
			('2015-10-01', 1, 8, 220926.00, 'S'),
			('2015-11-01', 1, 8, 50255.00, 'S'),
			('2015-12-01', 1, 8, 50120.00, 'S');

	-- data tahun 2016
		-- kopi def 80
		INSERT INTO pemesanan (tgl, id_buyer, id_produk, jumlah, status) VALUES 
			('2016-01-01', 1, 1, 100170.00, 'S'),
			('2016-02-01', 1, 1, 200940.00, 'S'),
			('2016-03-01', 1, 1, 100850.00, 'S'),
			('2016-04-01', 1, 1, 50130.00, 'S'),
			('2016-05-01', 1, 1, 581540.00, 'S'),
			('2016-06-01', 1, 1, 130480.00, 'S'),
			('2016-07-01', 1, 1, 4134668.20, 'S'),
			('2016-08-01', 1, 1, 2251926.00, 'S'),
			('2016-09-01', 1, 1, 4870263.00, 'S'),
			('2016-10-01', 1, 1, 3482958.00, 'S'),
			('2016-11-01', 1, 1, 1000121.00, 'S'),
			('2016-12-01', 1, 1, 60320.00, 'S');

		-- kopi def 120
		INSERT INTO pemesanan (tgl, id_buyer, id_produk, jumlah, status) VALUES 
			('2016-01-01', 1, 2, 259860.00, 'S'),
			('2016-02-01', 1, 2, 255727.00, 'S'),
			('2016-03-01', 1, 2, 185878.00, 'S'),
			('2016-04-01', 1, 2, 476354.00, 'S'),
			('2016-05-01', 1, 2, 1814268.00, 'S'),
			('2016-06-01', 1, 2, 2046570.00, 'S'),
			('2016-07-01', 1, 2, 1842250.00, 'S'),
			('2016-08-01', 1, 2, 732694.00, 'S'),
			('2016-09-01', 1, 2, 775217.00, 'S'),
			('2016-10-01', 1, 2, 220926.00, 'S'),
			('2016-11-01', 1, 2, 50255.00, 'S'),
			('2016-12-01', 1, 2, 50120.00, 'S');

		-- kopi 20/25
		INSERT INTO pemesanan (tgl, id_buyer, id_produk, jumlah, status) VALUES 
			('2016-01-01', 1, 3, 259860.00, 'S'),
			('2016-02-01', 1, 3, 255727.00, 'S'),
			('2016-03-01', 1, 3, 185878.00, 'S'),
			('2016-04-01', 1, 3, 476354.00, 'S'),
			('2016-05-01', 1, 3, 1814268.00, 'S'),
			('2016-06-01', 1, 3, 2046570.00, 'S'),
			('2016-07-01', 1, 3, 1842250.00, 'S'),
			('2016-08-01', 1, 3, 732694.00, 'S'),
			('2016-09-01', 1, 3, 775217.00, 'S'),
			('2016-10-01', 1, 3, 220926.00, 'S'),
			('2016-11-01', 1, 3, 50255.00, 'S'),
			('2016-12-01', 1, 3, 50120.00, 'S');

		-- kopi 30/35 
		INSERT INTO pemesanan (tgl, id_buyer, id_produk, jumlah, status) VALUES 
			('2016-01-01', 1, 4, 259860.00, 'S'),
			('2016-02-01', 1, 4, 255727.00, 'S'),
			('2016-03-01', 1, 4, 185878.00, 'S'),
			('2016-04-01', 1, 4, 476354.00, 'S'),
			('2016-05-01', 1, 4, 1814268.00, 'S'),
			('2016-06-01', 1, 4, 2046570.00, 'S'),
			('2016-07-01', 1, 4, 1842250.00, 'S'),
			('2016-08-01', 1, 4, 732694.00, 'S'),
			('2016-09-01', 1, 4, 775217.00, 'S'),
			('2016-10-01', 1, 4, 220926.00, 'S'),
			('2016-11-01', 1, 4, 50255.00, 'S'),
			('2016-12-01', 1, 4, 50120.00, 'S');

		-- kopi 40/45
		INSERT INTO pemesanan (tgl, id_buyer, id_produk, jumlah, status) VALUES 
			('2016-01-01', 1, 5, 259860.00, 'S'),
			('2016-02-01', 1, 5, 255727.00, 'S'),
			('2016-03-01', 1, 5, 185878.00, 'S'),
			('2016-04-01', 1, 5, 476354.00, 'S'),
			('2016-05-01', 1, 5, 1814268.00, 'S'),
			('2016-06-01', 1, 5, 2046570.00, 'S'),
			('2016-07-01', 1, 5, 1842250.00, 'S'),
			('2016-08-01', 1, 5, 732694.00, 'S'),
			('2016-09-01', 1, 5, 775217.00, 'S'),
			('2016-10-01', 1, 5, 220926.00, 'S'),
			('2016-11-01', 1, 5, 50255.00, 'S'),
			('2016-12-01', 1, 5, 50120.00, 'S');

		-- kopi 60/65 
		INSERT INTO pemesanan (tgl, id_buyer, id_produk, jumlah, status) VALUES 
			('2016-01-01', 1, 6, 259860.00, 'S'),
			('2016-02-01', 1, 6, 255727.00, 'S'),
			('2016-03-01', 1, 6, 185878.00, 'S'),
			('2016-04-01', 1, 6, 476354.00, 'S'),
			('2016-05-01', 1, 6, 1814268.00, 'S'),
			('2016-06-01', 1, 6, 2046570.00, 'S'),
			('2016-07-01', 1, 6, 1842250.00, 'S'),
			('2016-08-01', 1, 6, 732694.00, 'S'),
			('2016-09-01', 1, 6, 775217.00, 'S'),
			('2016-10-01', 1, 6, 220926.00, 'S'),
			('2016-11-01', 1, 6, 50255.00, 'S'),
			('2016-12-01', 1, 6, 50120.00, 'S');

		-- kopi 80/85
		INSERT INTO pemesanan (tgl, id_buyer, id_produk, jumlah, status) VALUES 
			('2016-01-01', 1, 7, 259860.00, 'S'),
			('2016-02-01', 1, 7, 255727.00, 'S'),
			('2016-03-01', 1, 7, 185878.00, 'S'),
			('2016-04-01', 1, 7, 476354.00, 'S'),
			('2016-05-01', 1, 7, 1814268.00, 'S'),
			('2016-06-01', 1, 7, 2046570.00, 'S'),
			('2016-07-01', 1, 7, 1842250.00, 'S'),
			('2016-08-01', 1, 7, 732694.00, 'S'),
			('2016-09-01', 1, 7, 775217.00, 'S'),
			('2016-10-01', 1, 7, 220926.00, 'S'),
			('2016-11-01', 1, 7, 50255.00, 'S'),
			('2016-12-01', 1, 7, 50120.00, 'S');

		-- lada hitam
		INSERT INTO pemesanan (tgl, id_buyer, id_produk, jumlah, status) VALUES 
			('2016-01-01', 1, 8, 259860.00, 'S'),
			('2016-02-01', 1, 8, 255727.00, 'S'),
			('2016-03-01', 1, 8, 185878.00, 'S'),
			('2016-04-01', 1, 8, 476354.00, 'S'),
			('2016-05-01', 1, 8, 1814268.00, 'S'),
			('2016-06-01', 1, 8, 2046570.00, 'S'),
			('2016-07-01', 1, 8, 1842250.00, 'S'),
			('2016-08-01', 1, 8, 732694.00, 'S'),
			('2016-09-01', 1, 8, 775217.00, 'S'),
			('2016-10-01', 1, 8, 220926.00, 'S'),
			('2016-11-01', 1, 8, 50255.00, 'S'),
			('2016-12-01', 1, 8, 50120.00, 'S');

	-- data tahun 2017
	-- INSERT INTO pemesanan (tgl, no_kontrak, id_buyer, id_produk, jumlah, waktu_pengiriman, batas_waktu_pengiriman, status) 
	-- 	VALUES (CURDATE(), );